timestamp,device_label,model,imgsz,format,device,threads,elapsed_s,window_idx,frames,fps_window,lat_p50_ms,lat_p95_ms,temp_c,freq_mhz,throttled_flags
2026-08-25T10:35:23+00:00,Raspberry Pi 5 Model B Rev 1.1,models/ncnn/yolo26n_512_ncnn_model,512,ncnn,cpu,4,1.222,1,30,24.551,40.346,41.477,54.0,2400.0,
2026-08-25T10:35:24+00:00,Raspberry Pi 5 Model B Rev 1.1,models/ncnn/yolo26n_512_ncnn_model,512,ncnn,cpu,4,2.544,2,30,22.737,40.329,58.708,54.55,2400.0,
2026-08-25T10:35:25+00:00,Raspberry Pi 5 Model B Rev 1.1,models/ncnn/yolo26n_512_ncnn_model,512,ncnn,cpu,4,3.85,3,30,23.009,40.261,43.324,54.55,2400.0,
2026-08-25T10:35:27+00:00,Raspberry Pi 5 Model B Rev 1.1,models/ncnn/yolo26n_512_ncnn_model,512,ncnn,cpu,4,5.094,4,30,24.174,40.457,42.687,55.1,2400.0,
2026-08-25T10:35:28+00:00,Raspberry Pi 5 Model B Rev 1.1,models/ncnn/yolo26n_512_ncnn_model,512,ncnn,cpu,4,6.402,5,30,22.974,40.66,44.171,55.65,2400.0,
2026-08-25T10:35:29+00:00,Raspberry Pi 5 Model B Rev 1.1,models/ncnn/yolo26n_512_ncnn_model,512,ncnn,cpu,4,7.629,6,30,24.488,40.602,42.222,57.85,2400.0,
2026-08-25T10:35:31+00:00,Raspberry Pi 5 Model B Rev 1.1,models/ncnn/yolo26n_512_ncnn_model,512,ncnn,cpu,4,9.104,7,30,20.373,40.454,43.964,57.85,2400.0,
2026-08-25T10:35:32+00:00,Raspberry Pi 5 Model B Rev 1.1,models/ncnn/yolo26n_512_ncnn_model,512,ncnn,cpu,4,10.495,8,30,21.608,40.521,104.993,56.2,2400.0,
2026-08-25T10:35:33+00:00,Raspberry Pi 5 Model B Rev 1.1,models/ncnn/yolo26n_512_ncnn_model,512,ncnn,cpu,4,11.76,9,30,23.754,40.546,52.328,58.4,2400.0,
2026-08-25T10:35:35+00:00,Raspberry Pi 5 Model B Rev 1.1,models/ncnn/yolo26n_512_ncnn_model,512,ncnn,cpu,4,13.123,10,30,22.062,40.458,50.467,58.95,2400.0,
2026-08-25T10:35:36+00:00,Raspberry Pi 5 Model B Rev 1.1,models/ncnn/yolo26n_512_ncnn_model,512,ncnn,cpu,4,14.484,11,30,22.137,40.455,50.237,58.4,2400.0,
2026-08-25T10:35:37+00:00,Raspberry Pi 5 Model B Rev 1.1,models/ncnn/yolo26n_512_ncnn_model,512,ncnn,cpu,4,15.799,12,30,22.862,40.507,42.709,58.95,2400.0,
2026-08-25T10:35:39+00:00,Raspberry Pi 5 Model B Rev 1.1,models/ncnn/yolo26n_512_ncnn_model,512,ncnn,cpu,4,17.112,13,30,22.89,40.557,51.561,58.95,2400.0,
2026-08-25T10:35:40+00:00,Raspberry Pi 5 Model B Rev 1.1,models/ncnn/yolo26n_512_ncnn_model,512,ncnn,cpu,4,18.341,14,30,24.444,40.651,42.515,58.95,2400.0,
2026-08-25T10:35:41+00:00,Raspberry Pi 5 Model B Rev 1.1,models/ncnn/yolo26n_512_ncnn_model,512,ncnn,cpu,4,19.682,15,30,22.422,40.465,44.498,58.95,2400.0,
2026-08-25T10:35:43+00:00,Raspberry Pi 5 Model B Rev 1.1,models/ncnn/yolo26n_512_ncnn_model,512,ncnn,cpu,4,21.119,16,30,20.905,40.82,79.42,59.5,2400.0,
2026-08-25T10:35:44+00:00,Raspberry Pi 5 Model B Rev 1.1,models/ncnn/yolo26n_512_ncnn_model,512,ncnn,cpu,4,22.363,17,30,24.156,40.43,50.323,60.05,2400.0,
2026-08-25T10:35:45+00:00,Raspberry Pi 5 Model B Rev 1.1,models/ncnn/yolo26n_512_ncnn_model,512,ncnn,cpu,4,23.686,18,30,22.729,40.408,69.002,60.05,2400.0,
2026-08-25T10:35:46+00:00,Raspberry Pi 5 Model B Rev 1.1,models/ncnn/yolo26n_512_ncnn_model,512,ncnn,cpu,4,24.994,19,30,22.976,40.3,64.355,60.05,2400.0,
2026-08-25T10:35:48+00:00,Raspberry Pi 5 Model B Rev 1.1,models/ncnn/yolo26n_512_ncnn_model,512,ncnn,cpu,4,26.392,20,30,21.495,40.278,49.42,59.5,2400.0,
2026-08-25T10:35:49+00:00,Raspberry Pi 5 Model B Rev 1.1,models/ncnn/yolo26n_512_ncnn_model,512,ncnn,cpu,4,27.687,21,30,23.201,40.441,42.862,60.6,2400.0,
2026-08-25T10:35:50+00:00,Raspberry Pi 5 Model B Rev 1.1,models/ncnn/yolo26n_512_ncnn_model,512,ncnn,cpu,4,28.996,22,30,22.971,40.584,42.843,60.6,2400.0,
2026-08-25T10:35:52+00:00,Raspberry Pi 5 Model B Rev 1.1,models/ncnn/yolo26n_512_ncnn_model,512,ncnn,cpu,4,30.26,23,30,23.767,40.701,48.534,60.6,2400.0,
2026-08-25T10:35:53+00:00,Raspberry Pi 5 Model B Rev 1.1,models/ncnn/yolo26n_512_ncnn_model,512,ncnn,cpu,4,31.587,24,30,22.654,40.543,61.494,61.15,2400.0,
2026-08-25T10:35:54+00:00,Raspberry Pi 5 Model B Rev 1.1,models/ncnn/yolo26n_512_ncnn_model,512,ncnn,cpu,4,32.836,25,30,24.061,40.593,42.331,60.6,2400.0,
2026-08-25T10:35:56+00:00,Raspberry Pi 5 Model B Rev 1.1,models/ncnn/yolo26n_512_ncnn_model,512,ncnn,cpu,4,34.151,26,30,22.858,40.675,42.92,61.15,2400.0,
2026-08-25T10:35:57+00:00,Raspberry Pi 5 Model B Rev 1.1,models/ncnn/yolo26n_512_ncnn_model,512,ncnn,cpu,4,35.521,27,30,21.929,40.427,72.965,60.05,2400.0,
2026-08-25T10:35:58+00:00,Raspberry Pi 5 Model B Rev 1.1,models/ncnn/yolo26n_512_ncnn_model,512,ncnn,cpu,4,36.758,28,30,24.308,40.271,45.895,60.05,2400.0,
2026-08-25T10:36:00+00:00,Raspberry Pi 5 Model B Rev 1.1,models/ncnn/yolo26n_512_ncnn_model,512,ncnn,cpu,4,38.054,29,30,23.18,40.545,42.796,60.6,2400.0,
2026-08-25T10:36:01+00:00,Raspberry Pi 5 Model B Rev 1.1,models/ncnn/yolo26n_512_ncnn_model,512,ncnn,cpu,4,39.385,30,30,22.586,40.686,45.46,61.15,2400.0,
2026-08-25T10:36:02+00:00,Raspberry Pi 5 Model B Rev 1.1,models/ncnn/yolo26n_512_ncnn_model,512,ncnn,cpu,4,40.645,31,30,23.856,40.723,54.083,61.7,2400.0,
2026-08-25T10:36:04+00:00,Raspberry Pi 5 Model B Rev 1.1,models/ncnn/yolo26n_512_ncnn_model,512,ncnn,cpu,4,42.025,32,30,21.792,40.664,55.343,62.25,2400.0,
2026-08-25T10:36:05+00:00,Raspberry Pi 5 Model B Rev 1.1,models/ncnn/yolo26n_512_ncnn_model,512,ncnn,cpu,4,43.259,33,30,24.349,40.423,45.26,61.15,2400.0,
2026-08-25T10:36:06+00:00,Raspberry Pi 5 Model B Rev 1.1,models/ncnn/yolo26n_512_ncnn_model,512,ncnn,cpu,4,44.567,34,30,23.06,40.195,42.135,61.15,2400.0,
2026-08-25T10:36:07+00:00,Raspberry Pi 5 Model B Rev 1.1,models/ncnn/yolo26n_512_ncnn_model,512,ncnn,cpu,4,45.889,35,30,22.729,40.232,63.921,62.25,2400.0,
2026-08-25T10:36:09+00:00,Raspberry Pi 5 Model B Rev 1.1,models/ncnn/yolo26n_512_ncnn_model,512,ncnn,cpu,4,47.224,36,30,24.335,40.224,44.99,61.7,2400.0,
2026-08-25T10:36:10+00:00,Raspberry Pi 5 Model B Rev 1.1,models/ncnn/yolo26n_512_ncnn_model,512,ncnn,cpu,4,48.56,37,30,22.501,40.417,55.705,61.7,2400.0,
2026-08-25T10:36:12+00:00,Raspberry Pi 5 Model B Rev 1.1,models/ncnn/yolo26n_512_ncnn_model,512,ncnn,cpu,4,50.027,38,30,20.491,40.561,60.28,62.8,2400.0,
2026-08-25T10:36:13+00:00,Raspberry Pi 5 Model B Rev 1.1,models/ncnn/yolo26n_512_ncnn_model,512,ncnn,cpu,4,51.263,39,30,24.306,40.478,44.057,62.25,2400.0,
2026-08-25T10:36:14+00:00,Raspberry Pi 5 Model B Rev 1.1,models/ncnn/yolo26n_512_ncnn_model,512,ncnn,cpu,4,52.59,40,30,22.644,40.547,46.565,62.25,2400.0,
2026-08-25T10:36:15+00:00,Raspberry Pi 5 Model B Rev 1.1,models/ncnn/yolo26n_512_ncnn_model,512,ncnn,cpu,4,53.821,41,30,24.431,40.406,44.97,62.25,2400.0,
2026-08-25T10:36:17+00:00,Raspberry Pi 5 Model B Rev 1.1,models/ncnn/yolo26n_512_ncnn_model,512,ncnn,cpu,4,55.238,42,30,21.197,40.307,127.26,61.7,2400.0,
2026-08-25T10:36:18+00:00,Raspberry Pi 5 Model B Rev 1.1,models/ncnn/yolo26n_512_ncnn_model,512,ncnn,cpu,4,56.534,43,30,23.198,40.304,46.841,62.8,2400.0,
2026-08-25T10:36:19+00:00,Raspberry Pi 5 Model B Rev 1.1,models/ncnn/yolo26n_512_ncnn_model,512,ncnn,cpu,4,57.751,44,30,24.695,40.3,42.269,63.35,2400.0,
2026-08-25T10:36:21+00:00,Raspberry Pi 5 Model B Rev 1.1,models/ncnn/yolo26n_512_ncnn_model,512,ncnn,cpu,4,59.047,45,30,23.189,40.442,43.513,62.25,2400.0,
2026-08-25T10:36:22+00:00,Raspberry Pi 5 Model B Rev 1.1,models/ncnn/yolo26n_512_ncnn_model,512,ncnn,cpu,4,60.447,46,30,21.464,40.597,113.288,62.8,2400.0,
2026-08-25T10:36:23+00:00,Raspberry Pi 5 Model B Rev 1.1,models/ncnn/yolo26n_512_ncnn_model,512,ncnn,cpu,4,61.684,47,30,24.292,40.602,42.917,61.7,2400.0,
2026-08-25T10:36:24+00:00,Raspberry Pi 5 Model B Rev 1.1,models/ncnn/yolo26n_512_ncnn_model,512,ncnn,cpu,4,62.981,48,30,23.173,40.73,59.927,62.8,2400.0,
2026-08-25T10:36:26+00:00,Raspberry Pi 5 Model B Rev 1.1,models/ncnn/yolo26n_512_ncnn_model,512,ncnn,cpu,4,64.208,49,30,24.494,40.598,42.51,62.25,2400.0,
2026-08-25T10:36:27+00:00,Raspberry Pi 5 Model B Rev 1.1,models/ncnn/yolo26n_512_ncnn_model,512,ncnn,cpu,4,65.526,50,30,22.814,40.496,63.524,63.9,2400.0,
2026-08-25T10:36:28+00:00,Raspberry Pi 5 Model B Rev 1.1,models/ncnn/yolo26n_512_ncnn_model,512,ncnn,cpu,4,66.845,51,30,22.775,40.458,49.258,61.15,2400.0,
2026-08-25T10:36:30+00:00,Raspberry Pi 5 Model B Rev 1.1,models/ncnn/yolo26n_512_ncnn_model,512,ncnn,cpu,4,68.089,52,30,24.166,40.49,43.613,61.7,2400.0,
2026-08-25T10:36:31+00:00,Raspberry Pi 5 Model B Rev 1.1,models/ncnn/yolo26n_512_ncnn_model,512,ncnn,cpu,4,69.391,53,30,23.086,40.405,50.078,63.9,2400.0,
2026-08-25T10:36:32+00:00,Raspberry Pi 5 Model B Rev 1.1,models/ncnn/yolo26n_512_ncnn_model,512,ncnn,cpu,4,70.863,54,30,20.411,40.483,66.572,63.9,2400.0,
2026-08-25T10:36:34+00:00,Raspberry Pi 5 Model B Rev 1.1,models/ncnn/yolo26n_512_ncnn_model,512,ncnn,cpu,4,72.135,55,30,23.624,40.715,49.995,64.45,2400.0,
2026-08-25T10:36:35+00:00,Raspberry Pi 5 Model B Rev 1.1,models/ncnn/yolo26n_512_ncnn_model,512,ncnn,cpu,4,73.432,56,30,23.172,40.68,44.663,63.35,2400.0,
2026-08-25T10:36:36+00:00,Raspberry Pi 5 Model B Rev 1.1,models/ncnn/yolo26n_512_ncnn_model,512,ncnn,cpu,4,74.655,57,30,24.586,40.488,42.728,62.25,2400.0,
2026-08-25T10:36:37+00:00,Raspberry Pi 5 Model B Rev 1.1,models/ncnn/yolo26n_512_ncnn_model,512,ncnn,cpu,4,75.972,58,30,22.819,40.448,71.084,63.9,2400.0,
2026-08-25T10:36:39+00:00,Raspberry Pi 5 Model B Rev 1.1,models/ncnn/yolo26n_512_ncnn_model,512,ncnn,cpu,4,77.272,59,30,23.119,40.437,46.132,64.45,2400.0,
2026-08-25T10:36:40+00:00,Raspberry Pi 5 Model B Rev 1.1,models/ncnn/yolo26n_512_ncnn_model,512,ncnn,cpu,4,78.503,60,30,24.408,40.396,43.622,63.9,2400.0,
2026-08-25T10:36:41+00:00,Raspberry Pi 5 Model B Rev 1.1,models/ncnn/yolo26n_512_ncnn_model,512,ncnn,cpu,4,79.826,61,30,22.73,40.277,49.364,63.9,2400.0,
2026-08-25T10:36:43+00:00,Raspberry Pi 5 Model B Rev 1.1,models/ncnn/yolo26n_512_ncnn_model,512,ncnn,cpu,4,81.143,62,30,22.885,40.386,64.326,62.8,2400.0,
2026-08-25T10:36:44+00:00,Raspberry Pi 5 Model B Rev 1.1,models/ncnn/yolo26n_512_ncnn_model,512,ncnn,cpu,4,82.392,63,30,24.067,40.511,47.409,63.35,2400.0,
2026-08-25T10:36:45+00:00,Raspberry Pi 5 Model B Rev 1.1,models/ncnn/yolo26n_512_ncnn_model,512,ncnn,cpu,4,83.758,64,30,22.0,40.595,51.498,64.45,2400.0,
2026-08-25T10:36:47+00:00,Raspberry Pi 5 Model B Rev 1.1,models/ncnn/yolo26n_512_ncnn_model,512,ncnn,cpu,4,85.033,65,30,23.575,40.472,42.455,62.8,2400.0,
2026-08-25T10:36:48+00:00,Raspberry Pi 5 Model B Rev 1.1,models/ncnn/yolo26n_512_ncnn_model,512,ncnn,cpu,4,86.349,66,30,22.828,40.612,43.106,64.45,2400.0,
2026-08-25T10:36:49+00:00,Raspberry Pi 5 Model B Rev 1.1,models/ncnn/yolo26n_512_ncnn_model,512,ncnn,cpu,4,87.649,67,30,23.128,40.456,50.664,62.25,2400.0,
2026-08-25T10:36:50+00:00,Raspberry Pi 5 Model B Rev 1.1,models/ncnn/yolo26n_512_ncnn_model,512,ncnn,cpu,4,88.88,68,30,24.415,40.381,43.556,65.0,2400.0,
2026-08-25T10:36:52+00:00,Raspberry Pi 5 Model B Rev 1.1,models/ncnn/yolo26n_512_ncnn_model,512,ncnn,cpu,4,90.261,69,30,21.76,40.604,77.819,65.0,2400.0,
2026-08-25T10:36:53+00:00,Raspberry Pi 5 Model B Rev 1.1,models/ncnn/yolo26n_512_ncnn_model,512,ncnn,cpu,4,91.744,70,30,20.253,40.569,68.331,63.9,2400.0,
2026-08-25T10:36:54+00:00,Raspberry Pi 5 Model B Rev 1.1,models/ncnn/yolo26n_512_ncnn_model,512,ncnn,cpu,4,92.975,71,30,24.419,40.675,42.719,63.9,2400.0,
2026-08-25T10:36:56+00:00,Raspberry Pi 5 Model B Rev 1.1,models/ncnn/yolo26n_512_ncnn_model,512,ncnn,cpu,4,94.299,72,30,22.712,40.681,44.241,63.9,2400.0,
2026-08-25T10:36:57+00:00,Raspberry Pi 5 Model B Rev 1.1,models/ncnn/yolo26n_512_ncnn_model,512,ncnn,cpu,4,95.541,73,30,24.197,40.5,42.697,63.35,2400.0,
2026-08-25T10:36:58+00:00,Raspberry Pi 5 Model B Rev 1.1,models/ncnn/yolo26n_512_ncnn_model,512,ncnn,cpu,4,96.913,74,30,21.902,40.6,51.474,65.0,2400.0,
2026-08-25T10:37:00+00:00,Raspberry Pi 5 Model B Rev 1.1,models/ncnn/yolo26n_512_ncnn_model,512,ncnn,cpu,4,98.224,75,30,22.928,40.827,71.317,64.45,2400.0,
2026-08-25T10:37:01+00:00,Raspberry Pi 5 Model B Rev 1.1,models/ncnn/yolo26n_512_ncnn_model,512,ncnn,cpu,4,99.439,76,30,24.742,40.21,42.01,63.9,2400.0,
2026-08-25T10:37:02+00:00,Raspberry Pi 5 Model B Rev 1.1,models/ncnn/yolo26n_512_ncnn_model,512,ncnn,cpu,4,100.724,77,30,23.387,40.266,72.442,64.45,2400.0,
2026-08-25T10:37:03+00:00,Raspberry Pi 5 Model B Rev 1.1,models/ncnn/yolo26n_512_ncnn_model,512,ncnn,cpu,4,101.952,78,30,24.468,40.336,44.461,66.1,2400.0,
2026-08-25T10:37:05+00:00,Raspberry Pi 5 Model B Rev 1.1,models/ncnn/yolo26n_512_ncnn_model,512,ncnn,cpu,4,103.259,79,30,23.006,40.361,82.642,65.55,2400.0,
2026-08-25T10:37:06+00:00,Raspberry Pi 5 Model B Rev 1.1,models/ncnn/yolo26n_512_ncnn_model,512,ncnn,cpu,4,104.548,80,30,23.306,40.462,57.979,65.0,2400.0,
2026-08-25T10:37:07+00:00,Raspberry Pi 5 Model B Rev 1.1,models/ncnn/yolo26n_512_ncnn_model,512,ncnn,cpu,4,105.815,81,30,23.734,40.532,57.715,64.45,2400.0,
2026-08-25T10:37:09+00:00,Raspberry Pi 5 Model B Rev 1.1,models/ncnn/yolo26n_512_ncnn_model,512,ncnn,cpu,4,107.142,82,30,22.644,40.581,52.694,65.0,2400.0,
2026-08-25T10:37:10+00:00,Raspberry Pi 5 Model B Rev 1.1,models/ncnn/yolo26n_512_ncnn_model,512,ncnn,cpu,4,108.438,83,30,23.196,40.494,43.977,63.9,2400.0,
2026-08-25T10:37:11+00:00,Raspberry Pi 5 Model B Rev 1.1,models/ncnn/yolo26n_512_ncnn_model,512,ncnn,cpu,4,109.66,84,30,24.591,40.268,42.029,63.9,2400.0,
2026-08-25T10:37:13+00:00,Raspberry Pi 5 Model B Rev 1.1,models/ncnn/yolo26n_512_ncnn_model,512,ncnn,cpu,4,111.268,85,30,18.686,40.551,124.529,63.9,2400.0,
2026-08-25T10:37:14+00:00,Raspberry Pi 5 Model B Rev 1.1,models/ncnn/yolo26n_512_ncnn_model,512,ncnn,cpu,4,112.662,86,30,21.557,40.275,54.908,64.45,2400.0,
2026-08-25T10:37:15+00:00,Raspberry Pi 5 Model B Rev 1.1,models/ncnn/yolo26n_512_ncnn_model,512,ncnn,cpu,4,113.895,87,30,24.387,40.452,44.672,63.9,2400.0,
2026-08-25T10:37:17+00:00,Raspberry Pi 5 Model B Rev 1.1,models/ncnn/yolo26n_512_ncnn_model,512,ncnn,cpu,4,115.331,88,30,20.917,41.285,116.685,65.0,2400.0,
2026-08-25T10:37:18+00:00,Raspberry Pi 5 Model B Rev 1.1,models/ncnn/yolo26n_512_ncnn_model,512,ncnn,cpu,4,116.574,89,30,24.186,40.602,43.348,65.55,2400.0,
2026-08-25T10:37:19+00:00,Raspberry Pi 5 Model B Rev 1.1,models/ncnn/yolo26n_512_ncnn_model,512,ncnn,cpu,4,117.866,90,30,23.259,40.485,41.668,63.9,2400.0,
2026-08-25T10:37:21+00:00,Raspberry Pi 5 Model B Rev 1.1,models/ncnn/yolo26n_512_ncnn_model,512,ncnn,cpu,4,119.164,91,30,23.167,40.548,43.966,65.0,2400.0,
2026-08-25T10:37:22+00:00,Raspberry Pi 5 Model B Rev 1.1,models/ncnn/yolo26n_512_ncnn_model,512,ncnn,cpu,4,120.425,92,30,23.818,40.78,48.845,64.45,2400.0,
2026-08-25T10:37:23+00:00,Raspberry Pi 5 Model B Rev 1.1,models/ncnn/yolo26n_512_ncnn_model,512,ncnn,cpu,4,121.768,93,30,22.381,40.503,43.717,63.35,2400.0,
2026-08-25T10:37:25+00:00,Raspberry Pi 5 Model B Rev 1.1,models/ncnn/yolo26n_512_ncnn_model,512,ncnn,cpu,4,123.1,94,30,22.571,40.344,42.848,64.45,2400.0,
2026-08-25T10:37:26+00:00,Raspberry Pi 5 Model B Rev 1.1,models/ncnn/yolo26n_512_ncnn_model,512,ncnn,cpu,4,124.328,95,30,24.476,40.331,44.218,64.45,2400.0,
2026-08-25T10:37:27+00:00,Raspberry Pi 5 Model B Rev 1.1,models/ncnn/yolo26n_512_ncnn_model,512,ncnn,cpu,4,125.728,96,30,21.457,40.477,116.446,63.9,2400.0,
2026-08-25T10:37:29+00:00,Raspberry Pi 5 Model B Rev 1.1,models/ncnn/yolo26n_512_ncnn_model,512,ncnn,cpu,4,127.031,97,30,23.065,40.572,45.216,65.0,2400.0,
2026-08-25T10:37:30+00:00,Raspberry Pi 5 Model B Rev 1.1,models/ncnn/yolo26n_512_ncnn_model,512,ncnn,cpu,4,128.258,98,30,24.504,40.519,42.817,65.55,2400.0,
2026-08-25T10:37:31+00:00,Raspberry Pi 5 Model B Rev 1.1,models/ncnn/yolo26n_512_ncnn_model,512,ncnn,cpu,4,129.692,99,30,20.95,40.422,42.732,64.45,2400.0,
2026-08-25T10:37:32+00:00,Raspberry Pi 5 Model B Rev 1.1,models/ncnn/yolo26n_512_ncnn_model,512,ncnn,cpu,4,130.932,100,30,24.239,40.407,42.243,63.9,2400.0,
2026-08-25T10:37:34+00:00,Raspberry Pi 5 Model B Rev 1.1,models/ncnn/yolo26n_512_ncnn_model,512,ncnn,cpu,4,132.228,101,30,23.196,40.308,61.389,65.55,2400.0,
2026-08-25T10:37:35+00:00,Raspberry Pi 5 Model B Rev 1.1,models/ncnn/yolo26n_512_ncnn_model,512,ncnn,cpu,4,133.513,102,30,23.391,40.195,43.083,63.9,2400.0,
2026-08-25T10:37:36+00:00,Raspberry Pi 5 Model B Rev 1.1,models/ncnn/yolo26n_512_ncnn_model,512,ncnn,cpu,4,134.735,103,30,24.599,40.289,41.941,65.55,2400.0,
2026-08-25T10:37:38+00:00,Raspberry Pi 5 Model B Rev 1.1,models/ncnn/yolo26n_512_ncnn_model,512,ncnn,cpu,4,136.12,104,30,21.694,40.521,77.117,66.65,2400.0,
2026-08-25T10:37:39+00:00,Raspberry Pi 5 Model B Rev 1.1,models/ncnn/yolo26n_512_ncnn_model,512,ncnn,cpu,4,137.346,105,30,24.533,40.531,42.513,66.1,2400.0,
2026-08-25T10:37:40+00:00,Raspberry Pi 5 Model B Rev 1.1,models/ncnn/yolo26n_512_ncnn_model,512,ncnn,cpu,4,138.658,106,30,22.891,40.572,51.381,66.1,2400.0,
2026-08-25T10:37:41+00:00,Raspberry Pi 5 Model B Rev 1.1,models/ncnn/yolo26n_512_ncnn_model,512,ncnn,cpu,4,140.01,107,30,22.238,40.466,59.708,66.65,2400.0,
2026-08-25T10:37:43+00:00,Raspberry Pi 5 Model B Rev 1.1,models/ncnn/yolo26n_512_ncnn_model,512,ncnn,cpu,4,141.234,108,30,24.556,40.378,43.188,66.65,2400.0,
2026-08-25T10:37:44+00:00,Raspberry Pi 5 Model B Rev 1.1,models/ncnn/yolo26n_512_ncnn_model,512,ncnn,cpu,4,142.558,109,30,22.702,40.28,49.741,66.1,2400.0,
2026-08-25T10:37:45+00:00,Raspberry Pi 5 Model B Rev 1.1,models/ncnn/yolo26n_512_ncnn_model,512,ncnn,cpu,4,143.857,110,30,23.13,40.313,67.351,64.45,2400.0,
2026-08-25T10:37:47+00:00,Raspberry Pi 5 Model B Rev 1.1,models/ncnn/yolo26n_512_ncnn_model,512,ncnn,cpu,4,145.096,111,30,24.256,40.188,43.04,66.65,2400.0,
2026-08-25T10:37:48+00:00,Raspberry Pi 5 Model B Rev 1.1,models/ncnn/yolo26n_512_ncnn_model,512,ncnn,cpu,4,146.435,112,30,22.458,40.484,44.753,66.65,2400.0,
2026-08-25T10:37:49+00:00,Raspberry Pi 5 Model B Rev 1.1,models/ncnn/yolo26n_512_ncnn_model,512,ncnn,cpu,4,147.665,113,30,24.427,40.694,42.857,66.65,2400.0,
2026-08-25T10:37:50+00:00,Raspberry Pi 5 Model B Rev 1.1,models/ncnn/yolo26n_512_ncnn_model,512,ncnn,cpu,4,148.956,114,30,23.279,40.524,42.638,66.65,2400.0,
2026-08-25T10:37:52+00:00,Raspberry Pi 5 Model B Rev 1.1,models/ncnn/yolo26n_512_ncnn_model,512,ncnn,cpu,4,150.329,115,30,21.889,41.091,53.083,66.65,2400.0,
2026-08-25T10:37:53+00:00,Raspberry Pi 5 Model B Rev 1.1,models/ncnn/yolo26n_512_ncnn_model,512,ncnn,cpu,4,151.556,116,30,24.502,40.515,43.28,66.65,2400.0,
2026-08-25T10:37:54+00:00,Raspberry Pi 5 Model B Rev 1.1,models/ncnn/yolo26n_512_ncnn_model,512,ncnn,cpu,4,152.91,117,30,22.251,40.395,50.918,66.1,2400.0,
2026-08-25T10:37:56+00:00,Raspberry Pi 5 Model B Rev 1.1,models/ncnn/yolo26n_512_ncnn_model,512,ncnn,cpu,4,154.221,118,30,22.921,40.217,42.871,65.0,2400.0,
2026-08-25T10:37:57+00:00,Raspberry Pi 5 Model B Rev 1.1,models/ncnn/yolo26n_512_ncnn_model,512,ncnn,cpu,4,155.47,119,30,24.073,40.256,50.359,67.2,2400.0,
2026-08-25T10:37:58+00:00,Raspberry Pi 5 Model B Rev 1.1,models/ncnn/yolo26n_512_ncnn_model,512,ncnn,cpu,4,156.914,120,30,20.808,40.446,43.095,66.1,2400.0,
2026-08-25T10:38:00+00:00,Raspberry Pi 5 Model B Rev 1.1,models/ncnn/yolo26n_512_ncnn_model,512,ncnn,cpu,4,158.14,121,30,24.523,40.624,41.961,66.65,2400.0,
2026-08-25T10:38:01+00:00,Raspberry Pi 5 Model B Rev 1.1,models/ncnn/yolo26n_512_ncnn_model,512,ncnn,cpu,4,159.429,122,30,23.305,40.598,44.312,65.55,2400.0,
2026-08-25T10:38:02+00:00,Raspberry Pi 5 Model B Rev 1.1,models/ncnn/yolo26n_512_ncnn_model,512,ncnn,cpu,4,160.747,123,30,22.803,40.509,58.641,65.55,2400.0,
2026-08-25T10:38:03+00:00,Raspberry Pi 5 Model B Rev 1.1,models/ncnn/yolo26n_512_ncnn_model,512,ncnn,cpu,4,161.983,124,30,24.326,40.551,42.698,67.2,2400.0,
2026-08-25T10:38:05+00:00,Raspberry Pi 5 Model B Rev 1.1,models/ncnn/yolo26n_512_ncnn_model,512,ncnn,cpu,4,163.273,125,30,23.289,40.388,66.632,67.2,2400.0,
2026-08-25T10:38:06+00:00,Raspberry Pi 5 Model B Rev 1.1,models/ncnn/yolo26n_512_ncnn_model,512,ncnn,cpu,4,164.488,126,30,24.754,40.259,41.581,67.2,2400.0,
2026-08-25T10:38:07+00:00,Raspberry Pi 5 Model B Rev 1.1,models/ncnn/yolo26n_512_ncnn_model,512,ncnn,cpu,4,165.819,127,30,22.578,40.34,78.17,66.1,2400.0,
2026-08-25T10:38:09+00:00,Raspberry Pi 5 Model B Rev 1.1,models/ncnn/yolo26n_512_ncnn_model,512,ncnn,cpu,4,167.177,128,30,22.126,40.455,42.808,66.65,2400.0,
2026-08-25T10:38:10+00:00,Raspberry Pi 5 Model B Rev 1.1,models/ncnn/yolo26n_512_ncnn_model,512,ncnn,cpu,4,168.408,129,30,24.415,40.458,43.353,66.65,2400.0,
2026-08-25T10:38:11+00:00,Raspberry Pi 5 Model B Rev 1.1,models/ncnn/yolo26n_512_ncnn_model,512,ncnn,cpu,4,169.726,130,30,22.808,40.671,43.548,66.65,2400.0,
2026-08-25T10:38:13+00:00,Raspberry Pi 5 Model B Rev 1.1,models/ncnn/yolo26n_512_ncnn_model,512,ncnn,cpu,4,171.114,131,30,21.645,40.624,66.442,67.2,2400.0,
2026-08-25T10:38:14+00:00,Raspberry Pi 5 Model B Rev 1.1,models/ncnn/yolo26n_512_ncnn_model,512,ncnn,cpu,4,172.347,132,30,24.379,40.42,42.961,67.2,2400.0,
2026-08-25T10:38:15+00:00,Raspberry Pi 5 Model B Rev 1.1,models/ncnn/yolo26n_512_ncnn_model,512,ncnn,cpu,4,173.693,133,30,22.336,40.661,43.548,67.2,2400.0,
2026-08-25T10:38:17+00:00,Raspberry Pi 5 Model B Rev 1.1,models/ncnn/yolo26n_512_ncnn_model,512,ncnn,cpu,4,175.119,134,30,21.07,40.398,42.149,65.55,2400.0,
2026-08-25T10:38:18+00:00,Raspberry Pi 5 Model B Rev 1.1,models/ncnn/yolo26n_512_ncnn_model,512,ncnn,cpu,4,176.34,135,30,24.623,40.134,43.337,66.1,2400.0,
2026-08-25T10:38:19+00:00,Raspberry Pi 5 Model B Rev 1.1,models/ncnn/yolo26n_512_ncnn_model,512,ncnn,cpu,4,177.644,136,30,23.035,40.46,52.512,65.55,2400.0,
2026-08-25T10:38:20+00:00,Raspberry Pi 5 Model B Rev 1.1,models/ncnn/yolo26n_512_ncnn_model,512,ncnn,cpu,4,178.872,137,30,24.572,40.421,41.532,66.1,2400.0,
2026-08-25T10:38:22+00:00,Raspberry Pi 5 Model B Rev 1.1,models/ncnn/yolo26n_512_ncnn_model,512,ncnn,cpu,4,180.215,138,30,22.381,40.82,66.906,66.1,2400.0,
2026-08-25T10:38:23+00:00,Raspberry Pi 5 Model B Rev 1.1,models/ncnn/yolo26n_512_ncnn_model,512,ncnn,cpu,4,181.543,139,30,22.633,40.547,55.533,65.55,2400.0,
2026-08-25T10:38:24+00:00,Raspberry Pi 5 Model B Rev 1.1,models/ncnn/yolo26n_512_ncnn_model,512,ncnn,cpu,4,182.77,140,30,24.486,40.592,42.919,67.2,2400.0,
2026-08-25T10:38:26+00:00,Raspberry Pi 5 Model B Rev 1.1,models/ncnn/yolo26n_512_ncnn_model,512,ncnn,cpu,4,184.066,141,30,23.193,40.403,42.6,65.55,2400.0,
2026-08-25T10:38:27+00:00,Raspberry Pi 5 Model B Rev 1.1,models/ncnn/yolo26n_512_ncnn_model,512,ncnn,cpu,4,185.315,142,30,24.072,40.278,42.192,66.1,2400.0,
2026-08-25T10:38:28+00:00,Raspberry Pi 5 Model B Rev 1.1,models/ncnn/yolo26n_512_ncnn_model,512,ncnn,cpu,4,186.6,143,30,23.389,40.196,68.844,67.75,2400.0,
2026-08-25T10:38:29+00:00,Raspberry Pi 5 Model B Rev 1.1,models/ncnn/yolo26n_512_ncnn_model,512,ncnn,cpu,4,187.883,144,30,23.413,40.313,42.435,67.2,2400.0,
2026-08-25T10:38:31+00:00,Raspberry Pi 5 Model B Rev 1.1,models/ncnn/yolo26n_512_ncnn_model,512,ncnn,cpu,4,189.099,145,30,24.73,40.283,42.234,66.1,2400.0,
2026-08-25T10:38:32+00:00,Raspberry Pi 5 Model B Rev 1.1,models/ncnn/yolo26n_512_ncnn_model,512,ncnn,cpu,4,190.554,146,30,22.238,40.475,72.821,67.2,2400.0,
2026-08-25T10:38:33+00:00,Raspberry Pi 5 Model B Rev 1.1,models/ncnn/yolo26n_512_ncnn_model,512,ncnn,cpu,4,191.911,147,30,22.154,40.632,45.441,65.55,2400.0,
2026-08-25T10:38:35+00:00,Raspberry Pi 5 Model B Rev 1.1,models/ncnn/yolo26n_512_ncnn_model,512,ncnn,cpu,4,193.152,148,30,24.214,40.515,47.642,66.1,2400.0,
2026-08-25T10:38:36+00:00,Raspberry Pi 5 Model B Rev 1.1,models/ncnn/yolo26n_512_ncnn_model,512,ncnn,cpu,4,194.601,149,30,20.74,40.382,54.145,66.1,2400.0,
2026-08-25T10:38:37+00:00,Raspberry Pi 5 Model B Rev 1.1,models/ncnn/yolo26n_512_ncnn_model,512,ncnn,cpu,4,195.839,150,30,24.27,40.377,44.555,66.1,2400.0,
2026-08-25T10:38:39+00:00,Raspberry Pi 5 Model B Rev 1.1,models/ncnn/yolo26n_512_ncnn_model,512,ncnn,cpu,4,197.144,151,30,23.038,40.395,70.125,66.1,2400.0,
2026-08-25T10:38:40+00:00,Raspberry Pi 5 Model B Rev 1.1,models/ncnn/yolo26n_512_ncnn_model,512,ncnn,cpu,4,198.495,152,30,22.239,40.368,43.856,65.55,2400.0,
2026-08-25T10:38:41+00:00,Raspberry Pi 5 Model B Rev 1.1,models/ncnn/yolo26n_512_ncnn_model,512,ncnn,cpu,4,199.712,153,30,24.7,40.374,41.603,67.2,2400.0,
2026-08-25T10:38:43+00:00,Raspberry Pi 5 Model B Rev 1.1,models/ncnn/yolo26n_512_ncnn_model,512,ncnn,cpu,4,201.029,154,30,22.831,40.436,62.981,66.65,2400.0,
2026-08-25T10:38:44+00:00,Raspberry Pi 5 Model B Rev 1.1,models/ncnn/yolo26n_512_ncnn_model,512,ncnn,cpu,4,202.332,155,30,23.061,40.672,42.911,65.55,2400.0,
2026-08-25T10:38:45+00:00,Raspberry Pi 5 Model B Rev 1.1,models/ncnn/yolo26n_512_ncnn_model,512,ncnn,cpu,4,203.561,156,30,24.453,40.692,42.267,65.55,2400.0,
2026-08-25T10:38:46+00:00,Raspberry Pi 5 Model B Rev 1.1,models/ncnn/yolo26n_512_ncnn_model,512,ncnn,cpu,4,204.859,157,30,23.159,40.566,42.924,67.2,2400.0,
2026-08-25T10:38:48+00:00,Raspberry Pi 5 Model B Rev 1.1,models/ncnn/yolo26n_512_ncnn_model,512,ncnn,cpu,4,206.17,158,30,22.921,40.534,44.383,67.2,2400.0,
2026-08-25T10:38:49+00:00,Raspberry Pi 5 Model B Rev 1.1,models/ncnn/yolo26n_512_ncnn_model,512,ncnn,cpu,4,207.463,159,30,23.241,40.278,42.984,66.65,2400.0,
2026-08-25T10:38:50+00:00,Raspberry Pi 5 Model B Rev 1.1,models/ncnn/yolo26n_512_ncnn_model,512,ncnn,cpu,4,208.788,160,30,22.68,40.338,43.559,66.65,2400.0,
2026-08-25T10:38:52+00:00,Raspberry Pi 5 Model B Rev 1.1,models/ncnn/yolo26n_512_ncnn_model,512,ncnn,cpu,4,210.093,161,30,23.027,41.032,50.825,65.55,2400.0,
2026-08-25T10:38:53+00:00,Raspberry Pi 5 Model B Rev 1.1,models/ncnn/yolo26n_512_ncnn_model,512,ncnn,cpu,4,211.426,162,30,22.549,40.607,51.335,65.55,2400.0,
2026-08-25T10:38:54+00:00,Raspberry Pi 5 Model B Rev 1.1,models/ncnn/yolo26n_512_ncnn_model,512,ncnn,cpu,4,212.735,163,30,22.961,40.574,42.927,67.2,2400.0,
2026-08-25T10:38:55+00:00,Raspberry Pi 5 Model B Rev 1.1,models/ncnn/yolo26n_512_ncnn_model,512,ncnn,cpu,4,213.968,164,30,24.457,40.644,42.771,65.55,2400.0,
2026-08-25T10:38:57+00:00,Raspberry Pi 5 Model B Rev 1.1,models/ncnn/yolo26n_512_ncnn_model,512,ncnn,cpu,4,215.315,165,30,22.306,40.543,56.03,67.2,2400.0,
2026-08-25T10:38:58+00:00,Raspberry Pi 5 Model B Rev 1.1,models/ncnn/yolo26n_512_ncnn_model,512,ncnn,cpu,4,216.567,166,30,24.019,40.446,51.883,66.1,2400.0,
2026-08-25T10:39:00+00:00,Raspberry Pi 5 Model B Rev 1.1,models/ncnn/yolo26n_512_ncnn_model,512,ncnn,cpu,4,218.018,167,30,20.709,40.818,112.108,65.55,2400.0,
2026-08-25T10:39:01+00:00,Raspberry Pi 5 Model B Rev 1.1,models/ncnn/yolo26n_512_ncnn_model,512,ncnn,cpu,4,219.37,168,30,22.222,40.461,43.672,66.65,2400.0,
2026-08-25T10:39:02+00:00,Raspberry Pi 5 Model B Rev 1.1,models/ncnn/yolo26n_512_ncnn_model,512,ncnn,cpu,4,220.619,169,30,24.059,40.19,43.75,65.55,2400.0,
2026-08-25T10:39:03+00:00,Raspberry Pi 5 Model B Rev 1.1,models/ncnn/yolo26n_512_ncnn_model,512,ncnn,cpu,4,221.915,170,30,23.199,40.327,42.148,66.1,2400.0,
2026-08-25T10:39:05+00:00,Raspberry Pi 5 Model B Rev 1.1,models/ncnn/yolo26n_512_ncnn_model,512,ncnn,cpu,4,223.26,171,30,22.337,40.506,84.095,65.55,2400.0,
2026-08-25T10:39:06+00:00,Raspberry Pi 5 Model B Rev 1.1,models/ncnn/yolo26n_512_ncnn_model,512,ncnn,cpu,4,224.486,172,30,24.518,40.422,42.817,65.55,2400.0,
2026-08-25T10:39:07+00:00,Raspberry Pi 5 Model B Rev 1.1,models/ncnn/yolo26n_512_ncnn_model,512,ncnn,cpu,4,225.854,173,30,21.974,40.32,70.561,65.55,2400.0,
2026-08-25T10:39:09+00:00,Raspberry Pi 5 Model B Rev 1.1,models/ncnn/yolo26n_512_ncnn_model,512,ncnn,cpu,4,227.093,174,30,24.263,40.362,46.121,66.65,2400.0,
2026-08-25T10:39:10+00:00,Raspberry Pi 5 Model B Rev 1.1,models/ncnn/yolo26n_512_ncnn_model,512,ncnn,cpu,4,228.416,175,30,22.706,40.421,50.309,67.2,2400.0,
2026-08-25T10:39:11+00:00,Raspberry Pi 5 Model B Rev 1.1,models/ncnn/yolo26n_512_ncnn_model,512,ncnn,cpu,4,229.701,176,30,23.381,40.311,46.709,66.1,2400.0,
2026-08-25T10:39:12+00:00,Raspberry Pi 5 Model B Rev 1.1,models/ncnn/yolo26n_512_ncnn_model,512,ncnn,cpu,4,230.951,177,30,24.062,40.297,44.04,65.55,2400.0,
2026-08-25T10:39:14+00:00,Raspberry Pi 5 Model B Rev 1.1,models/ncnn/yolo26n_512_ncnn_model,512,ncnn,cpu,4,232.434,178,30,20.254,40.663,150.704,66.1,2400.0,
2026-08-25T10:39:15+00:00,Raspberry Pi 5 Model B Rev 1.1,models/ncnn/yolo26n_512_ncnn_model,512,ncnn,cpu,4,233.752,179,30,22.808,40.752,52.339,66.65,2400.0,
2026-08-25T10:39:16+00:00,Raspberry Pi 5 Model B Rev 1.1,models/ncnn/yolo26n_512_ncnn_model,512,ncnn,cpu,4,235.003,180,30,24.031,40.546,42.544,65.0,2400.0,
2026-08-25T10:39:18+00:00,Raspberry Pi 5 Model B Rev 1.1,models/ncnn/yolo26n_512_ncnn_model,512,ncnn,cpu,4,236.309,181,30,23.0,40.632,45.167,66.65,2400.0,
2026-08-25T10:39:19+00:00,Raspberry Pi 5 Model B Rev 1.1,models/ncnn/yolo26n_512_ncnn_model,512,ncnn,cpu,4,237.538,182,30,24.468,40.561,43.34,65.0,2400.0,
2026-08-25T10:39:20+00:00,Raspberry Pi 5 Model B Rev 1.1,models/ncnn/yolo26n_512_ncnn_model,512,ncnn,cpu,4,238.862,183,30,22.691,40.599,44.465,66.65,2400.0,
2026-08-25T10:39:22+00:00,Raspberry Pi 5 Model B Rev 1.1,models/ncnn/yolo26n_512_ncnn_model,512,ncnn,cpu,4,240.19,184,30,22.633,41.25,65.47,67.2,2400.0,
2026-08-25T10:39:23+00:00,Raspberry Pi 5 Model B Rev 1.1,models/ncnn/yolo26n_512_ncnn_model,512,ncnn,cpu,4,241.414,185,30,24.548,40.301,43.207,66.1,2400.0,
2026-08-25T10:39:24+00:00,Raspberry Pi 5 Model B Rev 1.1,models/ncnn/yolo26n_512_ncnn_model,512,ncnn,cpu,4,242.72,186,30,23.018,40.428,49.346,66.1,2400.0,
2026-08-25T10:39:25+00:00,Raspberry Pi 5 Model B Rev 1.1,models/ncnn/yolo26n_512_ncnn_model,512,ncnn,cpu,4,243.941,187,30,24.609,40.405,42.307,67.2,2400.0,
2026-08-25T10:39:27+00:00,Raspberry Pi 5 Model B Rev 1.1,models/ncnn/yolo26n_512_ncnn_model,512,ncnn,cpu,4,245.246,188,30,23.028,40.541,67.389,66.65,2400.0,
2026-08-25T10:39:28+00:00,Raspberry Pi 5 Model B Rev 1.1,models/ncnn/yolo26n_512_ncnn_model,512,ncnn,cpu,4,246.567,189,30,22.753,40.618,45.18,66.1,2400.0,
2026-08-25T10:39:29+00:00,Raspberry Pi 5 Model B Rev 1.1,models/ncnn/yolo26n_512_ncnn_model,512,ncnn,cpu,4,247.796,190,30,24.465,40.571,42.64,66.65,2400.0,
2026-08-25T10:39:31+00:00,Raspberry Pi 5 Model B Rev 1.1,models/ncnn/yolo26n_512_ncnn_model,512,ncnn,cpu,4,249.089,191,30,23.242,40.621,43.759,67.2,2400.0,
2026-08-25T10:39:32+00:00,Raspberry Pi 5 Model B Rev 1.1,models/ncnn/yolo26n_512_ncnn_model,512,ncnn,cpu,4,250.562,192,30,20.456,40.587,65.268,65.55,2400.0,
2026-08-25T10:39:33+00:00,Raspberry Pi 5 Model B Rev 1.1,models/ncnn/yolo26n_512_ncnn_model,512,ncnn,cpu,4,251.808,193,30,24.127,40.218,44.865,65.0,2400.0,
2026-08-25T10:39:35+00:00,Raspberry Pi 5 Model B Rev 1.1,models/ncnn/yolo26n_512_ncnn_model,512,ncnn,cpu,4,253.113,194,30,23.027,40.311,66.001,66.65,2400.0,
2026-08-25T10:39:36+00:00,Raspberry Pi 5 Model B Rev 1.1,models/ncnn/yolo26n_512_ncnn_model,512,ncnn,cpu,4,254.333,195,30,24.642,40.36,42.291,66.65,2400.0,
2026-08-25T10:39:37+00:00,Raspberry Pi 5 Model B Rev 1.1,models/ncnn/yolo26n_512_ncnn_model,512,ncnn,cpu,4,255.654,196,30,22.742,40.531,53.13,66.65,2400.0,
2026-08-25T10:39:39+00:00,Raspberry Pi 5 Model B Rev 1.1,models/ncnn/yolo26n_512_ncnn_model,512,ncnn,cpu,4,256.967,197,30,22.896,40.543,52.674,66.1,2400.0,
2026-08-25T10:39:40+00:00,Raspberry Pi 5 Model B Rev 1.1,models/ncnn/yolo26n_512_ncnn_model,512,ncnn,cpu,4,258.309,198,30,24.211,40.666,44.512,66.1,2400.0,
2026-08-25T10:39:41+00:00,Raspberry Pi 5 Model B Rev 1.1,models/ncnn/yolo26n_512_ncnn_model,512,ncnn,cpu,4,259.65,199,30,22.486,40.472,42.888,66.65,2400.0,
2026-08-25T10:39:42+00:00,Raspberry Pi 5 Model B Rev 1.1,models/ncnn/yolo26n_512_ncnn_model,512,ncnn,cpu,4,260.924,200,30,23.585,40.361,55.132,66.65,2400.0,
2026-08-25T10:39:44+00:00,Raspberry Pi 5 Model B Rev 1.1,models/ncnn/yolo26n_512_ncnn_model,512,ncnn,cpu,4,262.189,201,30,23.757,40.23,51.574,67.2,2400.0,
2026-08-25T10:39:45+00:00,Raspberry Pi 5 Model B Rev 1.1,models/ncnn/yolo26n_512_ncnn_model,512,ncnn,cpu,4,263.489,202,30,23.133,40.317,48.239,66.65,2400.0,
2026-08-25T10:39:46+00:00,Raspberry Pi 5 Model B Rev 1.1,models/ncnn/yolo26n_512_ncnn_model,512,ncnn,cpu,4,264.708,203,30,24.657,40.25,42.171,66.65,2400.0,
2026-08-25T10:39:48+00:00,Raspberry Pi 5 Model B Rev 1.1,models/ncnn/yolo26n_512_ncnn_model,512,ncnn,cpu,4,266.085,204,30,21.832,40.562,87.913,66.1,2400.0,
2026-08-25T10:39:49+00:00,Raspberry Pi 5 Model B Rev 1.1,models/ncnn/yolo26n_512_ncnn_model,512,ncnn,cpu,4,267.416,205,30,22.573,40.53,46.592,65.55,2400.0,
2026-08-25T10:39:50+00:00,Raspberry Pi 5 Model B Rev 1.1,models/ncnn/yolo26n_512_ncnn_model,512,ncnn,cpu,4,268.637,206,30,24.608,40.464,42.365,65.0,2400.0,
2026-08-25T10:39:52+00:00,Raspberry Pi 5 Model B Rev 1.1,models/ncnn/yolo26n_512_ncnn_model,512,ncnn,cpu,4,270.129,207,30,20.147,40.607,82.351,66.1,2400.0,
2026-08-25T10:39:53+00:00,Raspberry Pi 5 Model B Rev 1.1,models/ncnn/yolo26n_512_ncnn_model,512,ncnn,cpu,4,271.361,208,30,24.387,40.417,44.879,65.0,2400.0,
2026-08-25T10:39:54+00:00,Raspberry Pi 5 Model B Rev 1.1,models/ncnn/yolo26n_512_ncnn_model,512,ncnn,cpu,4,272.668,209,30,23.006,41.21,42.938,65.0,2400.0,
2026-08-25T10:39:55+00:00,Raspberry Pi 5 Model B Rev 1.1,models/ncnn/yolo26n_512_ncnn_model,512,ncnn,cpu,4,273.966,210,30,23.158,40.341,43.216,66.1,2400.0,
2026-08-25T10:39:57+00:00,Raspberry Pi 5 Model B Rev 1.1,models/ncnn/yolo26n_512_ncnn_model,512,ncnn,cpu,4,275.228,211,30,23.804,40.291,46.089,66.1,2400.0,
2026-08-25T10:39:58+00:00,Raspberry Pi 5 Model B Rev 1.1,models/ncnn/yolo26n_512_ncnn_model,512,ncnn,cpu,4,276.535,212,30,23.006,40.489,70.787,66.1,2400.0,
2026-08-25T10:39:59+00:00,Raspberry Pi 5 Model B Rev 1.1,models/ncnn/yolo26n_512_ncnn_model,512,ncnn,cpu,4,277.86,213,30,22.679,40.595,43.558,65.55,2400.0,
2026-08-25T10:40:01+00:00,Raspberry Pi 5 Model B Rev 1.1,models/ncnn/yolo26n_512_ncnn_model,512,ncnn,cpu,4,279.099,214,30,24.258,40.634,42.995,66.1,2400.0,
2026-08-25T10:40:02+00:00,Raspberry Pi 5 Model B Rev 1.1,models/ncnn/yolo26n_512_ncnn_model,512,ncnn,cpu,4,280.502,215,30,21.413,40.819,105.811,65.55,2400.0,
2026-08-25T10:40:03+00:00,Raspberry Pi 5 Model B Rev 1.1,models/ncnn/yolo26n_512_ncnn_model,512,ncnn,cpu,4,281.734,216,30,24.403,40.731,42.788,66.1,2400.0,
2026-08-25T10:40:05+00:00,Raspberry Pi 5 Model B Rev 1.1,models/ncnn/yolo26n_512_ncnn_model,512,ncnn,cpu,4,283.053,217,30,22.791,40.677,43.067,66.1,2400.0,
2026-08-25T10:40:06+00:00,Raspberry Pi 5 Model B Rev 1.1,models/ncnn/yolo26n_512_ncnn_model,512,ncnn,cpu,4,284.359,218,30,23.019,40.417,45.136,66.1,2400.0,
2026-08-25T10:40:07+00:00,Raspberry Pi 5 Model B Rev 1.1,models/ncnn/yolo26n_512_ncnn_model,512,ncnn,cpu,4,285.663,219,30,23.105,40.362,46.812,65.0,2400.0,
2026-08-25T10:40:08+00:00,Raspberry Pi 5 Model B Rev 1.1,models/ncnn/yolo26n_512_ncnn_model,512,ncnn,cpu,4,286.972,220,30,22.964,40.484,44.647,65.0,2400.0,
2026-08-25T10:40:10+00:00,Raspberry Pi 5 Model B Rev 1.1,models/ncnn/yolo26n_512_ncnn_model,512,ncnn,cpu,4,288.291,221,30,22.787,40.695,55.728,65.0,2400.0,
2026-08-25T10:40:11+00:00,Raspberry Pi 5 Model B Rev 1.1,models/ncnn/yolo26n_512_ncnn_model,512,ncnn,cpu,4,289.515,222,30,24.552,40.504,42.782,66.1,2400.0,
2026-08-25T10:40:12+00:00,Raspberry Pi 5 Model B Rev 1.1,models/ncnn/yolo26n_512_ncnn_model,512,ncnn,cpu,4,291.008,223,30,20.19,40.667,88.735,65.0,2400.0,
2026-08-25T10:40:14+00:00,Raspberry Pi 5 Model B Rev 1.1,models/ncnn/yolo26n_512_ncnn_model,512,ncnn,cpu,4,292.243,224,30,24.333,40.537,42.732,66.65,2400.0,
2026-08-25T10:40:15+00:00,Raspberry Pi 5 Model B Rev 1.1,models/ncnn/yolo26n_512_ncnn_model,512,ncnn,cpu,4,293.66,225,30,21.207,40.538,106.658,65.0,2400.0,
2026-08-25T10:40:16+00:00,Raspberry Pi 5 Model B Rev 1.1,models/ncnn/yolo26n_512_ncnn_model,512,ncnn,cpu,4,294.946,226,30,23.372,40.36,43.255,66.1,2400.0,
2026-08-25T10:40:18+00:00,Raspberry Pi 5 Model B Rev 1.1,models/ncnn/yolo26n_512_ncnn_model,512,ncnn,cpu,4,296.182,227,30,24.32,40.261,44.774,65.55,2400.0,
2026-08-25T10:40:19+00:00,Raspberry Pi 5 Model B Rev 1.1,models/ncnn/yolo26n_512_ncnn_model,512,ncnn,cpu,4,297.495,228,30,22.88,40.348,43.455,66.65,2400.0,
2026-08-25T10:40:20+00:00,Raspberry Pi 5 Model B Rev 1.1,models/ncnn/yolo26n_512_ncnn_model,512,ncnn,cpu,4,298.786,229,30,23.275,40.462,44.985,65.0,2400.0,
2026-08-25T10:40:22+00:00,Raspberry Pi 5 Model B Rev 1.1,models/ncnn/yolo26n_512_ncnn_model,512,ncnn,cpu,4,300.038,230,30,24.02,40.717,42.349,65.55,2400.0,
2026-08-25T10:40:23+00:00,Raspberry Pi 5 Model B Rev 1.1,models/ncnn/yolo26n_512_ncnn_model,512,ncnn,cpu,4,301.337,231,30,23.128,40.53,72.363,66.65,2400.0,
2026-08-25T10:40:24+00:00,Raspberry Pi 5 Model B Rev 1.1,models/ncnn/yolo26n_512_ncnn_model,512,ncnn,cpu,4,302.563,232,30,24.516,40.523,42.784,66.1,2400.0,
2026-08-25T10:40:25+00:00,Raspberry Pi 5 Model B Rev 1.1,models/ncnn/yolo26n_512_ncnn_model,512,ncnn,cpu,4,303.853,233,30,23.297,40.355,43.441,65.0,2400.0,
2026-08-25T10:40:27+00:00,Raspberry Pi 5 Model B Rev 1.1,models/ncnn/yolo26n_512_ncnn_model,512,ncnn,cpu,4,305.157,234,30,23.058,40.31,58.385,66.1,2400.0,
2026-08-25T10:40:28+00:00,Raspberry Pi 5 Model B Rev 1.1,models/ncnn/yolo26n_512_ncnn_model,512,ncnn,cpu,4,306.443,235,30,23.368,40.506,66.0,65.55,2400.0,
2026-08-25T10:40:29+00:00,Raspberry Pi 5 Model B Rev 1.1,models/ncnn/yolo26n_512_ncnn_model,512,ncnn,cpu,4,307.747,236,30,23.052,40.545,45.35,65.55,2400.0,
2026-08-25T10:40:31+00:00,Raspberry Pi 5 Model B Rev 1.1,models/ncnn/yolo26n_512_ncnn_model,512,ncnn,cpu,4,309.178,237,30,21.001,40.636,42.904,65.55,2400.0,
2026-08-25T10:40:32+00:00,Raspberry Pi 5 Model B Rev 1.1,models/ncnn/yolo26n_512_ncnn_model,512,ncnn,cpu,4,310.488,238,30,22.938,40.607,44.387,66.1,2400.0,
2026-08-25T10:40:33+00:00,Raspberry Pi 5 Model B Rev 1.1,models/ncnn/yolo26n_512_ncnn_model,512,ncnn,cpu,4,311.817,239,30,22.61,40.644,51.598,65.55,2400.0,
2026-08-25T10:40:35+00:00,Raspberry Pi 5 Model B Rev 1.1,models/ncnn/yolo26n_512_ncnn_model,512,ncnn,cpu,4,313.046,240,30,24.452,40.555,43.131,66.1,2400.0,
2026-08-25T10:40:36+00:00,Raspberry Pi 5 Model B Rev 1.1,models/ncnn/yolo26n_512_ncnn_model,512,ncnn,cpu,4,314.376,241,30,22.599,40.49,42.244,63.9,2400.0,
2026-08-25T10:40:37+00:00,Raspberry Pi 5 Model B Rev 1.1,models/ncnn/yolo26n_512_ncnn_model,512,ncnn,cpu,4,315.684,242,30,22.974,40.403,60.582,66.65,2400.0,
2026-08-25T10:40:38+00:00,Raspberry Pi 5 Model B Rev 1.1,models/ncnn/yolo26n_512_ncnn_model,512,ncnn,cpu,4,316.916,243,30,24.411,40.337,42.826,64.45,2400.0,
2026-08-25T10:40:40+00:00,Raspberry Pi 5 Model B Rev 1.1,models/ncnn/yolo26n_512_ncnn_model,512,ncnn,cpu,4,318.234,244,30,22.799,40.559,47.546,66.1,2400.0,
2026-08-25T10:40:41+00:00,Raspberry Pi 5 Model B Rev 1.1,models/ncnn/yolo26n_512_ncnn_model,512,ncnn,cpu,4,319.601,245,30,21.977,40.5,64.494,65.0,2400.0,
2026-08-25T10:40:42+00:00,Raspberry Pi 5 Model B Rev 1.1,models/ncnn/yolo26n_512_ncnn_model,512,ncnn,cpu,4,320.848,246,30,24.103,40.525,45.543,65.55,2400.0,
2026-08-25T10:40:44+00:00,Raspberry Pi 5 Model B Rev 1.1,models/ncnn/yolo26n_512_ncnn_model,512,ncnn,cpu,4,322.188,247,30,22.49,40.607,69.95,65.55,2400.0,
2026-08-25T10:40:45+00:00,Raspberry Pi 5 Model B Rev 1.1,models/ncnn/yolo26n_512_ncnn_model,512,ncnn,cpu,4,323.431,248,30,24.195,40.637,48.231,66.1,2400.0,
2026-08-25T10:40:46+00:00,Raspberry Pi 5 Model B Rev 1.1,models/ncnn/yolo26n_512_ncnn_model,512,ncnn,cpu,4,324.776,249,30,22.338,40.467,46.213,66.65,2400.0,
2026-08-25T10:40:48+00:00,Raspberry Pi 5 Model B Rev 1.1,models/ncnn/yolo26n_512_ncnn_model,512,ncnn,cpu,4,326.21,250,30,20.957,40.549,119.656,66.1,2400.0,
2026-08-25T10:40:49+00:00,Raspberry Pi 5 Model B Rev 1.1,models/ncnn/yolo26n_512_ncnn_model,512,ncnn,cpu,4,327.439,251,30,24.447,40.489,43.622,66.1,2400.0,
2026-08-25T10:40:50+00:00,Raspberry Pi 5 Model B Rev 1.1,models/ncnn/yolo26n_512_ncnn_model,512,ncnn,cpu,4,328.864,252,30,21.097,40.195,44.289,66.1,2400.0,
2026-08-25T10:40:52+00:00,Raspberry Pi 5 Model B Rev 1.1,models/ncnn/yolo26n_512_ncnn_model,512,ncnn,cpu,4,330.24,253,30,21.838,40.368,43.98,66.65,2400.0,
2026-08-25T10:40:53+00:00,Raspberry Pi 5 Model B Rev 1.1,models/ncnn/yolo26n_512_ncnn_model,512,ncnn,cpu,4,331.469,254,30,24.456,40.631,43.38,65.55,2400.0,
2026-08-25T10:40:54+00:00,Raspberry Pi 5 Model B Rev 1.1,models/ncnn/yolo26n_512_ncnn_model,512,ncnn,cpu,4,332.762,255,30,23.236,40.632,65.575,65.0,2400.0,
2026-08-25T10:40:55+00:00,Raspberry Pi 5 Model B Rev 1.1,models/ncnn/yolo26n_512_ncnn_model,512,ncnn,cpu,4,333.988,256,30,24.53,40.519,42.351,66.1,2400.0,
2026-08-25T10:40:57+00:00,Raspberry Pi 5 Model B Rev 1.1,models/ncnn/yolo26n_512_ncnn_model,512,ncnn,cpu,4,335.301,257,30,22.89,40.318,64.73,66.1,2400.0,
2026-08-25T10:40:58+00:00,Raspberry Pi 5 Model B Rev 1.1,models/ncnn/yolo26n_512_ncnn_model,512,ncnn,cpu,4,336.594,258,30,23.236,40.416,44.998,66.65,2400.0,
2026-08-25T10:40:59+00:00,Raspberry Pi 5 Model B Rev 1.1,models/ncnn/yolo26n_512_ncnn_model,512,ncnn,cpu,4,337.816,259,30,24.603,40.439,42.285,65.55,2400.0,
2026-08-25T10:41:01+00:00,Raspberry Pi 5 Model B Rev 1.1,models/ncnn/yolo26n_512_ncnn_model,512,ncnn,cpu,4,339.158,260,30,22.399,40.337,54.638,65.55,2400.0,
2026-08-25T10:41:02+00:00,Raspberry Pi 5 Model B Rev 1.1,models/ncnn/yolo26n_512_ncnn_model,512,ncnn,cpu,4,340.467,261,30,22.953,40.39,56.775,66.65,2400.0,
2026-08-25T10:41:03+00:00,Raspberry Pi 5 Model B Rev 1.1,models/ncnn/yolo26n_512_ncnn_model,512,ncnn,cpu,4,341.698,262,30,24.419,40.494,43.989,65.55,2400.0,
2026-08-25T10:41:04+00:00,Raspberry Pi 5 Model B Rev 1.1,models/ncnn/yolo26n_512_ncnn_model,512,ncnn,cpu,4,343.007,263,30,22.956,40.543,50.65,65.55,2400.0,
2026-08-25T10:41:06+00:00,Raspberry Pi 5 Model B Rev 1.1,models/ncnn/yolo26n_512_ncnn_model,512,ncnn,cpu,4,344.229,264,30,24.594,40.457,42.658,65.55,2400.0,
2026-08-25T10:41:07+00:00,Raspberry Pi 5 Model B Rev 1.1,models/ncnn/yolo26n_512_ncnn_model,512,ncnn,cpu,4,345.582,265,30,22.224,40.49,91.846,65.55,2400.0,
2026-08-25T10:41:08+00:00,Raspberry Pi 5 Model B Rev 1.1,models/ncnn/yolo26n_512_ncnn_model,512,ncnn,cpu,4,346.879,266,30,23.172,40.447,44.213,64.45,2400.0,
2026-08-25T10:41:10+00:00,Raspberry Pi 5 Model B Rev 1.1,models/ncnn/yolo26n_512_ncnn_model,512,ncnn,cpu,4,348.105,267,30,24.512,40.419,42.854,63.9,2400.0,
2026-08-25T10:41:11+00:00,Raspberry Pi 5 Model B Rev 1.1,models/ncnn/yolo26n_512_ncnn_model,512,ncnn,cpu,4,349.387,268,30,23.441,40.296,43.583,66.1,2400.0,
2026-08-25T10:41:12+00:00,Raspberry Pi 5 Model B Rev 1.1,models/ncnn/yolo26n_512_ncnn_model,512,ncnn,cpu,4,350.628,269,30,24.221,40.41,42.597,65.0,2400.0,
2026-08-25T10:41:14+00:00,Raspberry Pi 5 Model B Rev 1.1,models/ncnn/yolo26n_512_ncnn_model,512,ncnn,cpu,4,352.049,270,30,21.14,40.393,61.749,65.55,2400.0,
2026-08-25T10:41:15+00:00,Raspberry Pi 5 Model B Rev 1.1,models/ncnn/yolo26n_512_ncnn_model,512,ncnn,cpu,4,353.345,271,30,23.201,40.689,45.35,66.1,2400.0,
2026-08-25T10:41:16+00:00,Raspberry Pi 5 Model B Rev 1.1,models/ncnn/yolo26n_512_ncnn_model,512,ncnn,cpu,4,354.587,272,30,24.21,40.489,42.396,66.1,2400.0,
2026-08-25T10:41:17+00:00,Raspberry Pi 5 Model B Rev 1.1,models/ncnn/yolo26n_512_ncnn_model,512,ncnn,cpu,4,355.897,273,30,22.944,40.385,42.972,64.45,2400.0,
2026-08-25T10:41:19+00:00,Raspberry Pi 5 Model B Rev 1.1,models/ncnn/yolo26n_512_ncnn_model,512,ncnn,cpu,4,357.215,274,30,22.804,40.396,69.243,64.45,2400.0,
2026-08-25T10:41:20+00:00,Raspberry Pi 5 Model B Rev 1.1,models/ncnn/yolo26n_512_ncnn_model,512,ncnn,cpu,4,358.438,275,30,24.58,40.452,42.426,65.0,2400.0,
2026-08-25T10:41:21+00:00,Raspberry Pi 5 Model B Rev 1.1,models/ncnn/yolo26n_512_ncnn_model,512,ncnn,cpu,4,359.728,276,30,23.296,40.325,42.414,65.55,2400.0,
2026-08-25T10:41:23+00:00,Raspberry Pi 5 Model B Rev 1.1,models/ncnn/yolo26n_512_ncnn_model,512,ncnn,cpu,4,361.03,277,30,23.076,40.526,55.932,64.45,2400.0,
2026-08-25T10:41:24+00:00,Raspberry Pi 5 Model B Rev 1.1,models/ncnn/yolo26n_512_ncnn_model,512,ncnn,cpu,4,362.323,278,30,23.24,40.419,42.614,65.0,2400.0,
2026-08-25T10:41:25+00:00,Raspberry Pi 5 Model B Rev 1.1,models/ncnn/yolo26n_512_ncnn_model,512,ncnn,cpu,4,363.622,279,30,23.141,40.658,42.795,66.65,2400.0,
2026-08-25T10:41:26+00:00,Raspberry Pi 5 Model B Rev 1.1,models/ncnn/yolo26n_512_ncnn_model,512,ncnn,cpu,4,364.847,280,30,24.541,40.51,42.246,65.55,2400.0,
2026-08-25T10:41:28+00:00,Raspberry Pi 5 Model B Rev 1.1,models/ncnn/yolo26n_512_ncnn_model,512,ncnn,cpu,4,366.169,281,30,22.727,40.714,56.65,66.65,2400.0,
2026-08-25T10:41:29+00:00,Raspberry Pi 5 Model B Rev 1.1,models/ncnn/yolo26n_512_ncnn_model,512,ncnn,cpu,4,367.388,282,30,24.664,40.322,42.316,65.55,2400.0,
2026-08-25T10:41:30+00:00,Raspberry Pi 5 Model B Rev 1.1,models/ncnn/yolo26n_512_ncnn_model,512,ncnn,cpu,4,368.703,283,30,22.855,40.569,44.192,66.1,2400.0,
2026-08-25T10:41:32+00:00,Raspberry Pi 5 Model B Rev 1.1,models/ncnn/yolo26n_512_ncnn_model,512,ncnn,cpu,4,370.059,284,30,22.157,40.434,68.125,65.55,2400.0,
2026-08-25T10:41:33+00:00,Raspberry Pi 5 Model B Rev 1.1,models/ncnn/yolo26n_512_ncnn_model,512,ncnn,cpu,4,371.28,285,30,24.621,40.321,43.164,65.55,2400.0,
2026-08-25T10:41:34+00:00,Raspberry Pi 5 Model B Rev 1.1,models/ncnn/yolo26n_512_ncnn_model,512,ncnn,cpu,4,372.614,286,30,22.531,40.415,50.603,65.55,2400.0,
2026-08-25T10:41:35+00:00,Raspberry Pi 5 Model B Rev 1.1,models/ncnn/yolo26n_512_ncnn_model,512,ncnn,cpu,4,373.913,287,30,23.145,40.484,44.575,64.45,2400.0,
2026-08-25T10:41:37+00:00,Raspberry Pi 5 Model B Rev 1.1,models/ncnn/yolo26n_512_ncnn_model,512,ncnn,cpu,4,375.177,288,30,23.777,40.714,50.728,64.45,2400.0,
2026-08-25T10:41:38+00:00,Raspberry Pi 5 Model B Rev 1.1,models/ncnn/yolo26n_512_ncnn_model,512,ncnn,cpu,4,376.486,289,30,22.953,40.727,65.138,65.55,2400.0,
2026-08-25T10:41:39+00:00,Raspberry Pi 5 Model B Rev 1.1,models/ncnn/yolo26n_512_ncnn_model,512,ncnn,cpu,4,377.738,290,30,24.012,40.853,46.412,66.1,2400.0,
2026-08-25T10:41:41+00:00,Raspberry Pi 5 Model B Rev 1.1,models/ncnn/yolo26n_512_ncnn_model,512,ncnn,cpu,4,379.177,291,30,20.879,40.684,45.056,66.1,2400.0,
2026-08-25T10:41:42+00:00,Raspberry Pi 5 Model B Rev 1.1,models/ncnn/yolo26n_512_ncnn_model,512,ncnn,cpu,4,380.501,292,30,22.699,40.639,59.977,65.55,2400.0,
2026-08-25T10:41:43+00:00,Raspberry Pi 5 Model B Rev 1.1,models/ncnn/yolo26n_512_ncnn_model,512,ncnn,cpu,4,381.734,293,30,24.378,40.433,42.342,65.55,2400.0,
2026-08-25T10:41:45+00:00,Raspberry Pi 5 Model B Rev 1.1,models/ncnn/yolo26n_512_ncnn_model,512,ncnn,cpu,4,383.055,294,30,22.745,40.668,52.985,65.55,2400.0,
2026-08-25T10:41:46+00:00,Raspberry Pi 5 Model B Rev 1.1,models/ncnn/yolo26n_512_ncnn_model,512,ncnn,cpu,4,384.401,295,30,22.332,40.681,55.323,64.45,2400.0,
2026-08-25T10:41:47+00:00,Raspberry Pi 5 Model B Rev 1.1,models/ncnn/yolo26n_512_ncnn_model,512,ncnn,cpu,4,385.687,296,30,23.374,40.593,54.017,65.0,2400.0,
2026-08-25T10:41:48+00:00,Raspberry Pi 5 Model B Rev 1.1,models/ncnn/yolo26n_512_ncnn_model,512,ncnn,cpu,4,387.006,297,30,22.778,40.705,43.431,63.9,2400.0,
2026-08-25T10:41:50+00:00,Raspberry Pi 5 Model B Rev 1.1,models/ncnn/yolo26n_512_ncnn_model,512,ncnn,cpu,4,388.236,298,30,24.447,40.741,42.363,65.0,2400.0,
2026-08-25T10:41:51+00:00,Raspberry Pi 5 Model B Rev 1.1,models/ncnn/yolo26n_512_ncnn_model,512,ncnn,cpu,4,389.571,299,30,22.513,40.577,49.797,65.0,2400.0,
2026-08-25T10:41:52+00:00,Raspberry Pi 5 Model B Rev 1.1,models/ncnn/yolo26n_512_ncnn_model,512,ncnn,cpu,4,390.945,300,30,21.871,41.029,56.942,66.1,2400.0,
2026-08-25T10:41:54+00:00,Raspberry Pi 5 Model B Rev 1.1,models/ncnn/yolo26n_512_ncnn_model,512,ncnn,cpu,4,392.175,301,30,24.42,40.412,43.493,66.1,2400.0,
2026-08-25T10:41:55+00:00,Raspberry Pi 5 Model B Rev 1.1,models/ncnn/yolo26n_512_ncnn_model,512,ncnn,cpu,4,393.477,302,30,23.084,40.878,42.984,66.1,2400.0,
2026-08-25T10:41:56+00:00,Raspberry Pi 5 Model B Rev 1.1,models/ncnn/yolo26n_512_ncnn_model,512,ncnn,cpu,4,394.761,303,30,23.409,40.464,42.799,66.65,2400.0,
2026-08-25T10:41:58+00:00,Raspberry Pi 5 Model B Rev 1.1,models/ncnn/yolo26n_512_ncnn_model,512,ncnn,cpu,4,396.089,304,30,22.634,40.713,43.78,65.0,2400.0,
2026-08-25T10:41:59+00:00,Raspberry Pi 5 Model B Rev 1.1,models/ncnn/yolo26n_512_ncnn_model,512,ncnn,cpu,4,397.536,305,30,20.762,40.908,55.975,66.65,2400.0,
2026-08-25T10:42:00+00:00,Raspberry Pi 5 Model B Rev 1.1,models/ncnn/yolo26n_512_ncnn_model,512,ncnn,cpu,4,398.76,306,30,24.573,40.419,42.545,65.0,2400.0,
2026-08-25T10:42:02+00:00,Raspberry Pi 5 Model B Rev 1.1,models/ncnn/yolo26n_512_ncnn_model,512,ncnn,cpu,4,400.102,307,30,22.383,40.628,64.757,64.45,2400.0,
2026-08-25T10:42:03+00:00,Raspberry Pi 5 Model B Rev 1.1,models/ncnn/yolo26n_512_ncnn_model,512,ncnn,cpu,4,401.456,308,30,22.195,40.476,60.58,66.65,2400.0,
2026-08-25T10:42:04+00:00,Raspberry Pi 5 Model B Rev 1.1,models/ncnn/yolo26n_512_ncnn_model,512,ncnn,cpu,4,402.683,309,30,24.509,40.635,42.313,66.1,2400.0,
2026-08-25T10:42:05+00:00,Raspberry Pi 5 Model B Rev 1.1,models/ncnn/yolo26n_512_ncnn_model,512,ncnn,cpu,4,403.982,310,30,23.131,40.563,45.387,65.55,2400.0,
2026-08-25T10:42:07+00:00,Raspberry Pi 5 Model B Rev 1.1,models/ncnn/yolo26n_512_ncnn_model,512,ncnn,cpu,4,405.324,311,30,22.396,40.629,66.921,65.55,2400.0,
2026-08-25T10:42:08+00:00,Raspberry Pi 5 Model B Rev 1.1,models/ncnn/yolo26n_512_ncnn_model,512,ncnn,cpu,4,406.559,312,30,24.342,40.617,44.609,64.45,2400.0,
2026-08-25T10:42:09+00:00,Raspberry Pi 5 Model B Rev 1.1,models/ncnn/yolo26n_512_ncnn_model,512,ncnn,cpu,4,407.929,313,30,21.937,41.005,53.054,65.55,2400.0,
2026-08-25T10:42:11+00:00,Raspberry Pi 5 Model B Rev 1.1,models/ncnn/yolo26n_512_ncnn_model,512,ncnn,cpu,4,409.155,314,30,24.508,40.547,42.394,64.45,2400.0,
2026-08-25T10:42:12+00:00,Raspberry Pi 5 Model B Rev 1.1,models/ncnn/yolo26n_512_ncnn_model,512,ncnn,cpu,4,410.564,315,30,21.323,40.545,118.639,66.1,2400.0,
2026-08-25T10:42:14+00:00,Raspberry Pi 5 Model B Rev 1.1,models/ncnn/yolo26n_512_ncnn_model,512,ncnn,cpu,4,412.064,316,30,20.029,40.579,43.965,65.55,2400.0,
2026-08-25T10:42:15+00:00,Raspberry Pi 5 Model B Rev 1.1,models/ncnn/yolo26n_512_ncnn_model,512,ncnn,cpu,4,413.291,317,30,24.511,40.396,42.67,65.0,2400.0,
2026-08-25T10:42:16+00:00,Raspberry Pi 5 Model B Rev 1.1,models/ncnn/yolo26n_512_ncnn_model,512,ncnn,cpu,4,414.636,318,30,22.347,40.258,44.491,65.0,2400.0,
2026-08-25T10:42:17+00:00,Raspberry Pi 5 Model B Rev 1.1,models/ncnn/yolo26n_512_ncnn_model,512,ncnn,cpu,4,416.002,319,30,21.989,40.367,77.572,64.45,2400.0,
2026-08-25T10:42:19+00:00,Raspberry Pi 5 Model B Rev 1.1,models/ncnn/yolo26n_512_ncnn_model,512,ncnn,cpu,4,417.228,320,30,24.527,40.571,43.681,65.55,2400.0,
2026-08-25T10:42:20+00:00,Raspberry Pi 5 Model B Rev 1.1,models/ncnn/yolo26n_512_ncnn_model,512,ncnn,cpu,4,418.553,321,30,22.676,40.61,43.144,64.45,2400.0,
2026-08-25T10:42:21+00:00,Raspberry Pi 5 Model B Rev 1.1,models/ncnn/yolo26n_512_ncnn_model,512,ncnn,cpu,4,419.786,322,30,24.383,40.769,42.417,66.1,2400.0,
2026-08-25T10:42:23+00:00,Raspberry Pi 5 Model B Rev 1.1,models/ncnn/yolo26n_512_ncnn_model,512,ncnn,cpu,4,421.157,323,30,21.92,40.51,61.881,65.55,2400.0,
2026-08-25T10:42:24+00:00,Raspberry Pi 5 Model B Rev 1.1,models/ncnn/yolo26n_512_ncnn_model,512,ncnn,cpu,4,422.476,324,30,22.789,40.404,43.564,66.1,2400.0,
2026-08-25T10:42:25+00:00,Raspberry Pi 5 Model B Rev 1.1,models/ncnn/yolo26n_512_ncnn_model,512,ncnn,cpu,4,423.699,325,30,24.57,40.405,44.298,65.55,2400.0,
2026-08-25T10:42:27+00:00,Raspberry Pi 5 Model B Rev 1.1,models/ncnn/yolo26n_512_ncnn_model,512,ncnn,cpu,4,425.087,326,30,21.662,40.328,71.63,65.55,2400.0,
2026-08-25T10:42:28+00:00,Raspberry Pi 5 Model B Rev 1.1,models/ncnn/yolo26n_512_ncnn_model,512,ncnn,cpu,4,426.405,327,30,22.79,40.521,65.303,65.55,2400.0,
2026-08-25T10:42:29+00:00,Raspberry Pi 5 Model B Rev 1.1,models/ncnn/yolo26n_512_ncnn_model,512,ncnn,cpu,4,427.646,328,30,24.224,40.213,45.233,64.45,2400.0,
2026-08-25T10:42:30+00:00,Raspberry Pi 5 Model B Rev 1.1,models/ncnn/yolo26n_512_ncnn_model,512,ncnn,cpu,4,428.935,329,30,23.328,40.502,48.224,65.0,2400.0,
2026-08-25T10:42:32+00:00,Raspberry Pi 5 Model B Rev 1.1,models/ncnn/yolo26n_512_ncnn_model,512,ncnn,cpu,4,430.19,330,30,23.949,40.503,51.882,65.0,2400.0,
2026-08-25T10:42:33+00:00,Raspberry Pi 5 Model B Rev 1.1,models/ncnn/yolo26n_512_ncnn_model,512,ncnn,cpu,4,431.482,331,30,23.265,40.375,44.606,65.0,2400.0,
2026-08-25T10:42:34+00:00,Raspberry Pi 5 Model B Rev 1.1,models/ncnn/yolo26n_512_ncnn_model,512,ncnn,cpu,4,432.772,332,30,23.302,40.356,42.522,65.0,2400.0,
2026-08-25T10:42:35+00:00,Raspberry Pi 5 Model B Rev 1.1,models/ncnn/yolo26n_512_ncnn_model,512,ncnn,cpu,4,433.999,333,30,24.491,40.347,44.156,64.45,2400.0,
2026-08-25T10:42:37+00:00,Raspberry Pi 5 Model B Rev 1.1,models/ncnn/yolo26n_512_ncnn_model,512,ncnn,cpu,4,435.441,334,30,20.84,40.294,64.402,65.55,2400.0,
2026-08-25T10:42:38+00:00,Raspberry Pi 5 Model B Rev 1.1,models/ncnn/yolo26n_512_ncnn_model,512,ncnn,cpu,4,436.734,335,30,23.242,40.338,55.492,65.55,2400.0,
2026-08-25T10:42:39+00:00,Raspberry Pi 5 Model B Rev 1.1,models/ncnn/yolo26n_512_ncnn_model,512,ncnn,cpu,4,437.969,336,30,24.335,40.785,43.018,64.45,2400.0,
2026-08-25T10:42:41+00:00,Raspberry Pi 5 Model B Rev 1.1,models/ncnn/yolo26n_512_ncnn_model,512,ncnn,cpu,4,439.269,337,30,23.114,40.588,45.536,66.1,2400.0,
2026-08-25T10:42:42+00:00,Raspberry Pi 5 Model B Rev 1.1,models/ncnn/yolo26n_512_ncnn_model,512,ncnn,cpu,4,440.539,338,30,23.676,40.467,52.907,65.55,2400.0,
2026-08-25T10:42:43+00:00,Raspberry Pi 5 Model B Rev 1.1,models/ncnn/yolo26n_512_ncnn_model,512,ncnn,cpu,4,441.838,339,30,23.125,40.533,44.352,65.0,2400.0,
2026-08-25T10:42:45+00:00,Raspberry Pi 5 Model B Rev 1.1,models/ncnn/yolo26n_512_ncnn_model,512,ncnn,cpu,4,443.166,340,30,22.637,40.555,51.448,65.0,2400.0,
2026-08-25T10:42:46+00:00,Raspberry Pi 5 Model B Rev 1.1,models/ncnn/yolo26n_512_ncnn_model,512,ncnn,cpu,4,444.397,341,30,24.412,40.554,43.296,65.0,2400.0,
2026-08-25T10:42:47+00:00,Raspberry Pi 5 Model B Rev 1.1,models/ncnn/yolo26n_512_ncnn_model,512,ncnn,cpu,4,445.714,342,30,22.813,40.252,71.008,65.55,2400.0,
2026-08-25T10:42:48+00:00,Raspberry Pi 5 Model B Rev 1.1,models/ncnn/yolo26n_512_ncnn_model,512,ncnn,cpu,4,446.94,343,30,24.527,40.407,42.938,64.45,2400.0,
2026-08-25T10:42:50+00:00,Raspberry Pi 5 Model B Rev 1.1,models/ncnn/yolo26n_512_ncnn_model,512,ncnn,cpu,4,448.26,344,30,22.796,40.6,51.511,65.0,2400.0,
2026-08-25T10:42:51+00:00,Raspberry Pi 5 Model B Rev 1.1,models/ncnn/yolo26n_512_ncnn_model,512,ncnn,cpu,4,449.559,345,30,23.12,40.525,65.102,66.1,2400.0,
2026-08-25T10:42:52+00:00,Raspberry Pi 5 Model B Rev 1.1,models/ncnn/yolo26n_512_ncnn_model,512,ncnn,cpu,4,450.824,346,30,23.765,40.808,44.918,65.55,2400.0,
2026-08-25T10:42:54+00:00,Raspberry Pi 5 Model B Rev 1.1,models/ncnn/yolo26n_512_ncnn_model,512,ncnn,cpu,4,452.123,347,30,23.143,40.63,44.486,64.45,2400.0,
2026-08-25T10:42:55+00:00,Raspberry Pi 5 Model B Rev 1.1,models/ncnn/yolo26n_512_ncnn_model,512,ncnn,cpu,4,453.427,348,30,23.045,40.729,44.232,65.55,2400.0,
2026-08-25T10:42:56+00:00,Raspberry Pi 5 Model B Rev 1.1,models/ncnn/yolo26n_512_ncnn_model,512,ncnn,cpu,4,454.651,349,30,24.549,40.451,43.288,65.55,2400.0,
2026-08-25T10:42:58+00:00,Raspberry Pi 5 Model B Rev 1.1,models/ncnn/yolo26n_512_ncnn_model,512,ncnn,cpu,4,456.17,350,30,19.836,40.723,105.849,65.0,2400.0,
2026-08-25T10:42:59+00:00,Raspberry Pi 5 Model B Rev 1.1,models/ncnn/yolo26n_512_ncnn_model,512,ncnn,cpu,4,457.406,351,30,24.329,40.438,43.115,65.55,2400.0,
2026-08-25T10:43:00+00:00,Raspberry Pi 5 Model B Rev 1.1,models/ncnn/yolo26n_512_ncnn_model,512,ncnn,cpu,4,458.725,352,30,22.779,40.526,51.441,63.9,2400.0,
2026-08-25T10:43:02+00:00,Raspberry Pi 5 Model B Rev 1.1,models/ncnn/yolo26n_512_ncnn_model,512,ncnn,cpu,4,460.037,353,30,22.968,40.61,61.123,64.45,2400.0,
2026-08-25T10:43:03+00:00,Raspberry Pi 5 Model B Rev 1.1,models/ncnn/yolo26n_512_ncnn_model,512,ncnn,cpu,4,461.276,354,30,24.271,40.837,42.933,65.55,2400.0,
2026-08-25T10:43:04+00:00,Raspberry Pi 5 Model B Rev 1.1,models/ncnn/yolo26n_512_ncnn_model,512,ncnn,cpu,4,462.625,355,30,22.271,40.574,45.123,64.45,2400.0,
2026-08-25T10:43:05+00:00,Raspberry Pi 5 Model B Rev 1.1,models/ncnn/yolo26n_512_ncnn_model,512,ncnn,cpu,4,463.921,356,30,23.194,40.433,43.287,65.55,2400.0,
2026-08-25T10:43:07+00:00,Raspberry Pi 5 Model B Rev 1.1,models/ncnn/yolo26n_512_ncnn_model,512,ncnn,cpu,4,465.162,357,30,24.217,40.362,43.111,65.0,2400.0,
2026-08-25T10:43:08+00:00,Raspberry Pi 5 Model B Rev 1.1,models/ncnn/yolo26n_512_ncnn_model,512,ncnn,cpu,4,466.5,358,30,22.463,40.439,79.798,64.45,2400.0,
2026-08-25T10:43:09+00:00,Raspberry Pi 5 Model B Rev 1.1,models/ncnn/yolo26n_512_ncnn_model,512,ncnn,cpu,4,467.723,359,30,24.576,40.2,42.624,64.45,2400.0,
2026-08-25T10:43:11+00:00,Raspberry Pi 5 Model B Rev 1.1,models/ncnn/yolo26n_512_ncnn_model,512,ncnn,cpu,4,469.026,360,30,23.077,40.35,68.184,65.55,2400.0,
2026-08-25T10:43:12+00:00,Raspberry Pi 5 Model B Rev 1.1,models/ncnn/yolo26n_512_ncnn_model,512,ncnn,cpu,4,470.35,361,30,22.697,40.368,50.779,65.0,2400.0,
2026-08-25T10:43:13+00:00,Raspberry Pi 5 Model B Rev 1.1,models/ncnn/yolo26n_512_ncnn_model,512,ncnn,cpu,4,471.619,362,30,23.676,40.526,54.084,66.1,2400.0,
2026-08-25T10:43:14+00:00,Raspberry Pi 5 Model B Rev 1.1,models/ncnn/yolo26n_512_ncnn_model,512,ncnn,cpu,4,472.932,363,30,22.892,40.775,45.008,65.55,2400.0,
2026-08-25T10:43:16+00:00,Raspberry Pi 5 Model B Rev 1.1,models/ncnn/yolo26n_512_ncnn_model,512,ncnn,cpu,4,474.238,364,30,23.005,40.724,43.086,63.9,2400.0,
2026-08-25T10:43:17+00:00,Raspberry Pi 5 Model B Rev 1.1,models/ncnn/yolo26n_512_ncnn_model,512,ncnn,cpu,4,475.499,365,30,23.842,41.359,45.56,65.55,2400.0,
2026-08-25T10:43:18+00:00,Raspberry Pi 5 Model B Rev 1.1,models/ncnn/yolo26n_512_ncnn_model,512,ncnn,cpu,4,476.795,366,30,23.196,40.407,43.806,65.0,2400.0,
2026-08-25T10:43:20+00:00,Raspberry Pi 5 Model B Rev 1.1,models/ncnn/yolo26n_512_ncnn_model,512,ncnn,cpu,4,478.028,367,30,24.371,40.489,42.835,64.45,2400.0,
2026-08-25T10:43:21+00:00,Raspberry Pi 5 Model B Rev 1.1,models/ncnn/yolo26n_512_ncnn_model,512,ncnn,cpu,4,479.369,368,30,22.403,40.55,67.866,65.55,2400.0,
2026-08-25T10:43:22+00:00,Raspberry Pi 5 Model B Rev 1.1,models/ncnn/yolo26n_512_ncnn_model,512,ncnn,cpu,4,480.709,369,30,22.445,40.801,68.115,65.55,2400.0,
2026-08-25T10:43:23+00:00,Raspberry Pi 5 Model B Rev 1.1,models/ncnn/yolo26n_512_ncnn_model,512,ncnn,cpu,4,481.935,370,30,24.497,40.551,43.024,65.55,2400.0,
2026-08-25T10:43:25+00:00,Raspberry Pi 5 Model B Rev 1.1,models/ncnn/yolo26n_512_ncnn_model,512,ncnn,cpu,4,483.306,371,30,21.92,40.761,50.382,63.9,2400.0,
2026-08-25T10:43:26+00:00,Raspberry Pi 5 Model B Rev 1.1,models/ncnn/yolo26n_512_ncnn_model,512,ncnn,cpu,4,484.741,372,30,20.94,40.712,43.063,65.0,2400.0,
2026-08-25T10:43:27+00:00,Raspberry Pi 5 Model B Rev 1.1,models/ncnn/yolo26n_512_ncnn_model,512,ncnn,cpu,4,485.975,373,30,24.373,40.337,44.848,65.55,2400.0,
2026-08-25T10:43:29+00:00,Raspberry Pi 5 Model B Rev 1.1,models/ncnn/yolo26n_512_ncnn_model,512,ncnn,cpu,4,487.371,374,30,21.517,40.528,106.558,66.1,2400.0,
2026-08-25T10:43:30+00:00,Raspberry Pi 5 Model B Rev 1.1,models/ncnn/yolo26n_512_ncnn_model,512,ncnn,cpu,4,488.609,375,30,24.281,40.646,43.932,66.65,2400.0,
2026-08-25T10:43:31+00:00,Raspberry Pi 5 Model B Rev 1.1,models/ncnn/yolo26n_512_ncnn_model,512,ncnn,cpu,4,489.904,376,30,23.211,40.229,50.56,66.1,2400.0,
2026-08-25T10:43:33+00:00,Raspberry Pi 5 Model B Rev 1.1,models/ncnn/yolo26n_512_ncnn_model,512,ncnn,cpu,4,491.237,377,30,22.546,40.356,88.454,64.45,2400.0,
2026-08-25T10:43:34+00:00,Raspberry Pi 5 Model B Rev 1.1,models/ncnn/yolo26n_512_ncnn_model,512,ncnn,cpu,4,492.458,378,30,24.617,40.363,42.69,65.55,2400.0,
2026-08-25T10:43:35+00:00,Raspberry Pi 5 Model B Rev 1.1,models/ncnn/yolo26n_512_ncnn_model,512,ncnn,cpu,4,493.767,379,30,22.956,40.386,43.715,64.45,2400.0,
2026-08-25T10:43:37+00:00,Raspberry Pi 5 Model B Rev 1.1,models/ncnn/yolo26n_512_ncnn_model,512,ncnn,cpu,4,495.127,380,30,22.105,40.415,42.246,65.55,2400.0,
2026-08-25T10:43:38+00:00,Raspberry Pi 5 Model B Rev 1.1,models/ncnn/yolo26n_512_ncnn_model,512,ncnn,cpu,4,496.373,381,30,24.13,40.313,54.254,65.0,2400.0,
2026-08-25T10:43:39+00:00,Raspberry Pi 5 Model B Rev 1.1,models/ncnn/yolo26n_512_ncnn_model,512,ncnn,cpu,4,497.666,382,30,23.239,40.485,71.165,64.45,2400.0,
2026-08-25T10:43:40+00:00,Raspberry Pi 5 Model B Rev 1.1,models/ncnn/yolo26n_512_ncnn_model,512,ncnn,cpu,4,498.891,383,30,24.539,40.475,42.285,65.0,2400.0,
2026-08-25T10:43:42+00:00,Raspberry Pi 5 Model B Rev 1.1,models/ncnn/yolo26n_512_ncnn_model,512,ncnn,cpu,4,500.191,384,30,23.115,40.282,56.327,65.55,2400.0,
2026-08-25T10:43:43+00:00,Raspberry Pi 5 Model B Rev 1.1,models/ncnn/yolo26n_512_ncnn_model,512,ncnn,cpu,4,501.612,385,30,21.149,40.238,43.869,65.55,2400.0,
2026-08-25T10:43:44+00:00,Raspberry Pi 5 Model B Rev 1.1,models/ncnn/yolo26n_512_ncnn_model,512,ncnn,cpu,4,502.842,386,30,24.438,40.457,43.544,64.45,2400.0,
2026-08-25T10:43:46+00:00,Raspberry Pi 5 Model B Rev 1.1,models/ncnn/yolo26n_512_ncnn_model,512,ncnn,cpu,4,504.138,387,30,23.2,40.481,42.619,65.0,2400.0,
2026-08-25T10:43:47+00:00,Raspberry Pi 5 Model B Rev 1.1,models/ncnn/yolo26n_512_ncnn_model,512,ncnn,cpu,4,505.385,388,30,24.109,40.511,45.402,64.45,2400.0,
2026-08-25T10:43:48+00:00,Raspberry Pi 5 Model B Rev 1.1,models/ncnn/yolo26n_512_ncnn_model,512,ncnn,cpu,4,506.715,389,30,22.586,40.531,41.921,66.1,2400.0,
2026-08-25T10:43:49+00:00,Raspberry Pi 5 Model B Rev 1.1,models/ncnn/yolo26n_512_ncnn_model,512,ncnn,cpu,4,508.004,390,30,23.39,40.398,42.474,65.0,2400.0,
2026-08-25T10:43:51+00:00,Raspberry Pi 5 Model B Rev 1.1,models/ncnn/yolo26n_512_ncnn_model,512,ncnn,cpu,4,509.236,391,30,24.397,40.333,44.004,65.55,2400.0,
2026-08-25T10:43:52+00:00,Raspberry Pi 5 Model B Rev 1.1,models/ncnn/yolo26n_512_ncnn_model,512,ncnn,cpu,4,510.547,392,30,22.936,40.44,57.933,65.55,2400.0,
2026-08-25T10:43:53+00:00,Raspberry Pi 5 Model B Rev 1.1,models/ncnn/yolo26n_512_ncnn_model,512,ncnn,cpu,4,511.891,393,30,22.348,40.243,44.316,65.0,2400.0,
2026-08-25T10:43:55+00:00,Raspberry Pi 5 Model B Rev 1.1,models/ncnn/yolo26n_512_ncnn_model,512,ncnn,cpu,4,513.114,394,30,24.585,40.42,42.602,66.1,2400.0,
2026-08-25T10:43:56+00:00,Raspberry Pi 5 Model B Rev 1.1,models/ncnn/yolo26n_512_ncnn_model,512,ncnn,cpu,4,514.454,395,30,22.421,40.555,42.479,64.45,2400.0,
2026-08-25T10:43:57+00:00,Raspberry Pi 5 Model B Rev 1.1,models/ncnn/yolo26n_512_ncnn_model,512,ncnn,cpu,4,515.703,396,30,24.062,40.527,42.695,65.0,2400.0,
2026-08-25T10:43:58+00:00,Raspberry Pi 5 Model B Rev 1.1,models/ncnn/yolo26n_512_ncnn_model,512,ncnn,cpu,4,517.0,397,30,23.174,40.684,44.481,65.55,2400.0,
2026-08-25T10:44:00+00:00,Raspberry Pi 5 Model B Rev 1.1,models/ncnn/yolo26n_512_ncnn_model,512,ncnn,cpu,4,518.358,398,30,22.131,40.779,60.262,64.45,2400.0,
2026-08-25T10:44:01+00:00,Raspberry Pi 5 Model B Rev 1.1,models/ncnn/yolo26n_512_ncnn_model,512,ncnn,cpu,4,519.583,399,30,24.538,40.329,43.772,65.0,2400.0,
2026-08-25T10:44:03+00:00,Raspberry Pi 5 Model B Rev 1.1,models/ncnn/yolo26n_512_ncnn_model,512,ncnn,cpu,4,521.02,400,30,20.906,40.228,134.962,65.0,2400.0,
2026-08-25T10:44:04+00:00,Raspberry Pi 5 Model B Rev 1.1,models/ncnn/yolo26n_512_ncnn_model,512,ncnn,cpu,4,522.318,401,30,23.152,40.242,43.934,63.9,2400.0,
2026-08-25T10:44:05+00:00,Raspberry Pi 5 Model B Rev 1.1,models/ncnn/yolo26n_512_ncnn_model,512,ncnn,cpu,4,523.562,402,30,24.168,40.352,45.725,64.45,2400.0,
2026-08-25T10:44:06+00:00,Raspberry Pi 5 Model B Rev 1.1,models/ncnn/yolo26n_512_ncnn_model,512,ncnn,cpu,4,524.906,403,30,22.361,40.434,43.402,63.9,2400.0,
2026-08-25T10:44:08+00:00,Raspberry Pi 5 Model B Rev 1.1,models/ncnn/yolo26n_512_ncnn_model,512,ncnn,cpu,4,526.17,404,30,23.772,40.535,49.489,66.1,2400.0,
2026-08-25T10:44:09+00:00,Raspberry Pi 5 Model B Rev 1.1,models/ncnn/yolo26n_512_ncnn_model,512,ncnn,cpu,4,527.538,405,30,21.978,40.576,42.879,65.0,2400.0,
2026-08-25T10:44:10+00:00,Raspberry Pi 5 Model B Rev 1.1,models/ncnn/yolo26n_512_ncnn_model,512,ncnn,cpu,4,528.829,406,30,23.267,40.444,54.338,64.45,2400.0,
2026-08-25T10:44:12+00:00,Raspberry Pi 5 Model B Rev 1.1,models/ncnn/yolo26n_512_ncnn_model,512,ncnn,cpu,4,530.089,407,30,23.86,40.377,43.047,64.45,2400.0,
2026-08-25T10:44:13+00:00,Raspberry Pi 5 Model B Rev 1.1,models/ncnn/yolo26n_512_ncnn_model,512,ncnn,cpu,4,531.385,408,30,23.187,40.385,43.314,65.55,2400.0,
2026-08-25T10:44:14+00:00,Raspberry Pi 5 Model B Rev 1.1,models/ncnn/yolo26n_512_ncnn_model,512,ncnn,cpu,4,532.669,409,30,23.415,40.332,68.216,64.45,2400.0,
2026-08-25T10:44:15+00:00,Raspberry Pi 5 Model B Rev 1.1,models/ncnn/yolo26n_512_ncnn_model,512,ncnn,cpu,4,533.889,410,30,24.645,40.364,42.286,66.65,2400.0,
2026-08-25T10:44:17+00:00,Raspberry Pi 5 Model B Rev 1.1,models/ncnn/yolo26n_512_ncnn_model,512,ncnn,cpu,4,535.272,411,30,21.723,40.527,107.993,66.65,2400.0,
2026-08-25T10:44:18+00:00,Raspberry Pi 5 Model B Rev 1.1,models/ncnn/yolo26n_512_ncnn_model,512,ncnn,cpu,4,536.506,412,30,24.35,40.703,43.607,66.1,2400.0,
2026-08-25T10:44:19+00:00,Raspberry Pi 5 Model B Rev 1.1,models/ncnn/yolo26n_512_ncnn_model,512,ncnn,cpu,4,537.825,413,30,22.787,40.807,43.459,66.1,2400.0,
2026-08-25T10:44:21+00:00,Raspberry Pi 5 Model B Rev 1.1,models/ncnn/yolo26n_512_ncnn_model,512,ncnn,cpu,4,539.136,414,30,22.93,40.703,48.789,65.0,2400.0,
2026-08-25T10:44:22+00:00,Raspberry Pi 5 Model B Rev 1.1,models/ncnn/yolo26n_512_ncnn_model,512,ncnn,cpu,4,540.384,415,30,24.082,40.814,43.75,64.45,2400.0,
2026-08-25T10:44:23+00:00,Raspberry Pi 5 Model B Rev 1.1,models/ncnn/yolo26n_512_ncnn_model,512,ncnn,cpu,4,541.738,416,30,22.189,40.378,43.193,65.0,2400.0,
2026-08-25T10:44:24+00:00,Raspberry Pi 5 Model B Rev 1.1,models/ncnn/yolo26n_512_ncnn_model,512,ncnn,cpu,4,542.967,417,30,24.458,40.31,42.509,65.55,2400.0,
2026-08-25T10:44:26+00:00,Raspberry Pi 5 Model B Rev 1.1,models/ncnn/yolo26n_512_ncnn_model,512,ncnn,cpu,4,544.27,418,30,23.075,40.237,56.9,64.45,2400.0,
2026-08-25T10:44:27+00:00,Raspberry Pi 5 Model B Rev 1.1,models/ncnn/yolo26n_512_ncnn_model,512,ncnn,cpu,4,545.614,419,30,22.363,40.263,60.502,65.55,2400.0,
2026-08-25T10:44:28+00:00,Raspberry Pi 5 Model B Rev 1.1,models/ncnn/yolo26n_512_ncnn_model,512,ncnn,cpu,4,546.839,420,30,24.525,40.411,42.545,65.55,2400.0,
2026-08-25T10:44:30+00:00,Raspberry Pi 5 Model B Rev 1.1,models/ncnn/yolo26n_512_ncnn_model,512,ncnn,cpu,4,548.156,421,30,22.82,40.6,53.255,66.1,2400.0,
2026-08-25T10:44:31+00:00,Raspberry Pi 5 Model B Rev 1.1,models/ncnn/yolo26n_512_ncnn_model,512,ncnn,cpu,4,549.463,422,30,23.007,40.516,47.897,65.55,2400.0,
2026-08-25T10:44:32+00:00,Raspberry Pi 5 Model B Rev 1.1,models/ncnn/yolo26n_512_ncnn_model,512,ncnn,cpu,4,550.71,423,30,24.09,40.443,50.077,65.55,2400.0,
2026-08-25T10:44:34+00:00,Raspberry Pi 5 Model B Rev 1.1,models/ncnn/yolo26n_512_ncnn_model,512,ncnn,cpu,4,552.042,424,30,22.565,40.327,50.415,64.45,2400.0,
2026-08-25T10:44:35+00:00,Raspberry Pi 5 Model B Rev 1.1,models/ncnn/yolo26n_512_ncnn_model,512,ncnn,cpu,4,553.274,425,30,24.412,40.162,46.194,66.1,2400.0,
2026-08-25T10:44:36+00:00,Raspberry Pi 5 Model B Rev 1.1,models/ncnn/yolo26n_512_ncnn_model,512,ncnn,cpu,4,554.59,426,30,22.831,40.25,43.239,65.55,2400.0,
2026-08-25T10:44:38+00:00,Raspberry Pi 5 Model B Rev 1.1,models/ncnn/yolo26n_512_ncnn_model,512,ncnn,cpu,4,556.062,427,30,21.971,40.426,72.166,65.0,2400.0,
2026-08-25T10:44:39+00:00,Raspberry Pi 5 Model B Rev 1.1,models/ncnn/yolo26n_512_ncnn_model,512,ncnn,cpu,4,557.283,428,30,24.625,40.494,41.992,65.55,2400.0,
2026-08-25T10:44:40+00:00,Raspberry Pi 5 Model B Rev 1.1,models/ncnn/yolo26n_512_ncnn_model,512,ncnn,cpu,4,558.607,429,30,22.698,40.713,67.074,65.0,2400.0,
2026-08-25T10:44:41+00:00,Raspberry Pi 5 Model B Rev 1.1,models/ncnn/yolo26n_512_ncnn_model,512,ncnn,cpu,4,559.915,430,30,22.969,40.502,51.65,66.65,2400.0,
2026-08-25T10:44:43+00:00,Raspberry Pi 5 Model B Rev 1.1,models/ncnn/yolo26n_512_ncnn_model,512,ncnn,cpu,4,561.178,431,30,23.793,40.459,51.664,65.0,2400.0,
2026-08-25T10:44:44+00:00,Raspberry Pi 5 Model B Rev 1.1,models/ncnn/yolo26n_512_ncnn_model,512,ncnn,cpu,4,562.473,432,30,23.218,40.461,43.454,63.9,2400.0,
2026-08-25T10:44:45+00:00,Raspberry Pi 5 Model B Rev 1.1,models/ncnn/yolo26n_512_ncnn_model,512,ncnn,cpu,4,563.697,433,30,24.547,40.39,43.102,64.45,2400.0,
2026-08-25T10:44:47+00:00,Raspberry Pi 5 Model B Rev 1.1,models/ncnn/yolo26n_512_ncnn_model,512,ncnn,cpu,4,565.029,434,30,22.568,40.524,66.065,65.0,2400.0,
2026-08-25T10:44:48+00:00,Raspberry Pi 5 Model B Rev 1.1,models/ncnn/yolo26n_512_ncnn_model,512,ncnn,cpu,4,566.361,435,30,22.63,40.535,61.98,65.55,2400.0,
2026-08-25T10:44:49+00:00,Raspberry Pi 5 Model B Rev 1.1,models/ncnn/yolo26n_512_ncnn_model,512,ncnn,cpu,4,567.59,436,30,24.463,40.442,42.524,65.55,2400.0,
2026-08-25T10:44:50+00:00,Raspberry Pi 5 Model B Rev 1.1,models/ncnn/yolo26n_512_ncnn_model,512,ncnn,cpu,4,568.922,437,30,22.566,40.543,42.962,63.9,2400.0,
2026-08-25T10:44:52+00:00,Raspberry Pi 5 Model B Rev 1.1,models/ncnn/yolo26n_512_ncnn_model,512,ncnn,cpu,4,570.238,438,30,22.836,41.026,42.819,63.9,2400.0,
2026-08-25T10:44:53+00:00,Raspberry Pi 5 Model B Rev 1.1,models/ncnn/yolo26n_512_ncnn_model,512,ncnn,cpu,4,571.584,439,30,24.206,40.412,47.248,65.55,2400.0,
2026-08-25T10:44:54+00:00,Raspberry Pi 5 Model B Rev 1.1,models/ncnn/yolo26n_512_ncnn_model,512,ncnn,cpu,4,572.887,440,30,23.061,40.462,44.666,64.45,2400.0,
2026-08-25T10:44:56+00:00,Raspberry Pi 5 Model B Rev 1.1,models/ncnn/yolo26n_512_ncnn_model,512,ncnn,cpu,4,574.107,441,30,24.631,40.339,42.806,65.0,2400.0,
2026-08-25T10:44:57+00:00,Raspberry Pi 5 Model B Rev 1.1,models/ncnn/yolo26n_512_ncnn_model,512,ncnn,cpu,4,575.442,442,30,22.513,40.334,79.507,65.0,2400.0,
2026-08-25T10:44:58+00:00,Raspberry Pi 5 Model B Rev 1.1,models/ncnn/yolo26n_512_ncnn_model,512,ncnn,cpu,4,576.804,443,30,22.071,40.24,52.515,66.65,2400.0,
2026-08-25T10:45:00+00:00,Raspberry Pi 5 Model B Rev 1.1,models/ncnn/yolo26n_512_ncnn_model,512,ncnn,cpu,4,578.03,444,30,24.521,40.557,42.284,66.1,2400.0,
2026-08-25T10:45:01+00:00,Raspberry Pi 5 Model B Rev 1.1,models/ncnn/yolo26n_512_ncnn_model,512,ncnn,cpu,4,579.341,445,30,22.92,40.614,45.563,65.0,2400.0,
2026-08-25T10:45:02+00:00,Raspberry Pi 5 Model B Rev 1.1,models/ncnn/yolo26n_512_ncnn_model,512,ncnn,cpu,4,580.658,446,30,22.825,40.646,53.572,65.0,2400.0,
2026-08-25T10:45:03+00:00,Raspberry Pi 5 Model B Rev 1.1,models/ncnn/yolo26n_512_ncnn_model,512,ncnn,cpu,4,581.885,447,30,24.493,40.617,42.654,63.9,2400.0,
2026-08-25T10:45:05+00:00,Raspberry Pi 5 Model B Rev 1.1,models/ncnn/yolo26n_512_ncnn_model,512,ncnn,cpu,4,583.214,448,30,22.602,40.441,43.378,65.0,2400.0,
2026-08-25T10:45:06+00:00,Raspberry Pi 5 Model B Rev 1.1,models/ncnn/yolo26n_512_ncnn_model,512,ncnn,cpu,4,584.447,449,30,24.391,40.36,42.524,64.45,2400.0,
2026-08-25T10:45:07+00:00,Raspberry Pi 5 Model B Rev 1.1,models/ncnn/yolo26n_512_ncnn_model,512,ncnn,cpu,4,585.762,450,30,22.856,40.322,67.275,64.45,2400.0,
2026-08-25T10:45:09+00:00,Raspberry Pi 5 Model B Rev 1.1,models/ncnn/yolo26n_512_ncnn_model,512,ncnn,cpu,4,587.05,451,30,23.404,40.353,42.017,64.45,2400.0,
2026-08-25T10:45:10+00:00,Raspberry Pi 5 Model B Rev 1.1,models/ncnn/yolo26n_512_ncnn_model,512,ncnn,cpu,4,588.267,452,30,24.69,40.242,42.529,65.0,2400.0,
2026-08-25T10:45:11+00:00,Raspberry Pi 5 Model B Rev 1.1,models/ncnn/yolo26n_512_ncnn_model,512,ncnn,cpu,4,589.569,453,30,23.079,40.462,47.864,65.55,2400.0,
2026-08-25T10:45:12+00:00,Raspberry Pi 5 Model B Rev 1.1,models/ncnn/yolo26n_512_ncnn_model,512,ncnn,cpu,4,591.009,454,30,20.867,40.457,130.31,65.55,2400.0,
2026-08-25T10:45:14+00:00,Raspberry Pi 5 Model B Rev 1.1,models/ncnn/yolo26n_512_ncnn_model,512,ncnn,cpu,4,592.251,455,30,24.202,40.507,45.792,65.55,2400.0,
2026-08-25T10:45:15+00:00,Raspberry Pi 5 Model B Rev 1.1,models/ncnn/yolo26n_512_ncnn_model,512,ncnn,cpu,4,593.687,456,30,20.951,40.96,109.19,65.0,2400.0,
2026-08-25T10:45:16+00:00,Raspberry Pi 5 Model B Rev 1.1,models/ncnn/yolo26n_512_ncnn_model,512,ncnn,cpu,4,594.906,457,30,24.658,40.377,41.903,65.55,2400.0,
2026-08-25T10:45:18+00:00,Raspberry Pi 5 Model B Rev 1.1,models/ncnn/yolo26n_512_ncnn_model,512,ncnn,cpu,4,596.201,458,30,23.211,40.167,44.868,65.55,2400.0,
2026-08-25T10:45:19+00:00,Raspberry Pi 5 Model B Rev 1.1,models/ncnn/yolo26n_512_ncnn_model,512,ncnn,cpu,4,597.541,459,30,22.418,40.166,50.229,63.9,2400.0,
2026-08-25T10:45:20+00:00,Raspberry Pi 5 Model B Rev 1.1,models/ncnn/yolo26n_512_ncnn_model,512,ncnn,cpu,4,598.766,460,30,24.543,40.218,43.143,65.55,2400.0,
