timestamp,device_label,model,imgsz,format,device,threads,elapsed_s,window_idx,frames,fps_window,lat_p50_ms,lat_p95_ms,temp_c,freq_mhz,throttled_flags,rss_mb
2026-08-14T12:14:10+00:00,Raspberry Pi 5 Model B Rev 1.1,yolo26n.pt,320,pytorch,cpu,4,2.441,1,30,12.293,81.713,89.116,57.85,2400.0,,920.344
2026-08-14T12:14:13+00:00,Raspberry Pi 5 Model B Rev 1.1,yolo26n.pt,320,pytorch,cpu,4,4.743,2,30,13.099,78.968,102.395,60.05,2400.0,,921.016
2026-08-14T12:14:15+00:00,Raspberry Pi 5 Model B Rev 1.1,yolo26n.pt,320,pytorch,cpu,4,6.966,3,30,13.508,68.92,89.556,61.7,2400.0,,923.578
2026-08-14T12:14:17+00:00,Raspberry Pi 5 Model B Rev 1.1,yolo26n.pt,320,pytorch,cpu,4,9.335,4,30,12.682,80.875,107.357,62.25,2400.0,,925.266
2026-08-14T12:14:20+00:00,Raspberry Pi 5 Model B Rev 1.1,yolo26n.pt,320,pytorch,cpu,4,11.812,5,30,12.125,81.665,83.994,62.8,2400.0,,923.641
2026-08-14T12:14:22+00:00,Raspberry Pi 5 Model B Rev 1.1,yolo26n.pt,320,pytorch,cpu,4,14.333,6,30,11.912,81.917,101.516,63.9,2400.0,,925.266
2026-08-14T12:14:25+00:00,Raspberry Pi 5 Model B Rev 1.1,yolo26n.pt,320,pytorch,cpu,4,16.674,7,30,12.829,81.665,105.764,63.9,2400.0,,925.312
2026-08-14T12:14:27+00:00,Raspberry Pi 5 Model B Rev 1.1,yolo26n.pt,320,pytorch,cpu,4,18.761,8,30,14.393,66.21,84.986,65.0,2400.0,,923.688
2026-08-14T12:14:29+00:00,Raspberry Pi 5 Model B Rev 1.1,yolo26n.pt,320,pytorch,cpu,4,20.975,9,30,13.564,75.709,83.011,64.45,2400.0,,923.688
2026-08-14T12:14:31+00:00,Raspberry Pi 5 Model B Rev 1.1,yolo26n.pt,320,pytorch,cpu,4,23.312,10,30,12.846,80.711,102.595,66.1,2400.0,,925.312
2026-08-14T12:14:33+00:00,Raspberry Pi 5 Model B Rev 1.1,yolo26n.pt,320,pytorch,cpu,4,25.442,11,30,14.099,74.887,83.721,66.65,2400.0,,923.703
2026-08-14T12:14:36+00:00,Raspberry Pi 5 Model B Rev 1.1,yolo26n.pt,320,pytorch,cpu,4,27.709,12,30,13.252,80.92,83.901,66.1,2400.0,,925.328
2026-08-14T12:14:38+00:00,Raspberry Pi 5 Model B Rev 1.1,yolo26n.pt,320,pytorch,cpu,4,30.127,13,30,12.42,80.952,102.82,67.75,2400.0,,923.719
2026-08-14T12:14:41+00:00,Raspberry Pi 5 Model B Rev 1.1,yolo26n.pt,320,pytorch,cpu,4,32.747,14,30,11.457,84.288,106.554,67.2,2400.0,,925.344
2026-08-14T12:14:43+00:00,Raspberry Pi 5 Model B Rev 1.1,yolo26n.pt,320,pytorch,cpu,4,35.264,15,30,11.933,80.938,106.112,66.65,2400.0,,922.859
2026-08-14T12:14:45+00:00,Raspberry Pi 5 Model B Rev 1.1,yolo26n.pt,320,pytorch,cpu,4,37.383,16,30,14.174,66.211,85.466,67.75,2400.0,,923.5
2026-08-14T12:14:48+00:00,Raspberry Pi 5 Model B Rev 1.1,yolo26n.pt,320,pytorch,cpu,4,39.516,17,30,14.079,65.916,102.463,67.75,2400.0,,925.297
2026-08-14T12:14:50+00:00,Raspberry Pi 5 Model B Rev 1.1,yolo26n.pt,320,pytorch,cpu,4,41.974,18,30,12.217,83.598,100.469,68.85,2400.0,,925.328
2026-08-14T12:14:52+00:00,Raspberry Pi 5 Model B Rev 1.1,yolo26n.pt,320,pytorch,cpu,4,44.223,19,30,13.353,67.637,96.993,67.2,2400.0,,926.531
2026-08-14T12:14:54+00:00,Raspberry Pi 5 Model B Rev 1.1,yolo26n.pt,320,pytorch,cpu,4,46.413,20,30,13.711,67.929,86.944,68.3,2400.0,,925.312
2026-08-14T12:14:57+00:00,Raspberry Pi 5 Model B Rev 1.1,yolo26n.pt,320,pytorch,cpu,4,48.811,21,30,12.525,81.565,90.431,68.3,2400.0,,925.312
2026-08-14T12:14:59+00:00,Raspberry Pi 5 Model B Rev 1.1,yolo26n.pt,320,pytorch,cpu,4,51.391,22,30,11.641,84.182,101.075,68.3,2400.0,,925.312
2026-08-14T12:15:02+00:00,Raspberry Pi 5 Model B Rev 1.1,yolo26n.pt,320,pytorch,cpu,4,54.015,23,30,11.44,84.509,108.346,67.75,2400.0,,925.312
2026-08-14T12:15:04+00:00,Raspberry Pi 5 Model B Rev 1.1,yolo26n.pt,320,pytorch,cpu,4,56.352,24,30,12.854,69.203,92.454,68.3,2400.0,,924.406
2026-08-14T12:15:06+00:00,Raspberry Pi 5 Model B Rev 1.1,yolo26n.pt,320,pytorch,cpu,4,58.415,25,30,14.554,66.756,85.392,69.4,2400.0,,922.797
2026-08-14T12:15:09+00:00,Raspberry Pi 5 Model B Rev 1.1,yolo26n.pt,320,pytorch,cpu,4,60.82,26,30,12.488,81.543,96.228,68.85,2400.0,,923.688
2026-08-14T12:15:11+00:00,Raspberry Pi 5 Model B Rev 1.1,yolo26n.pt,320,pytorch,cpu,4,63.014,27,30,13.686,75.727,84.733,68.85,2400.0,,923.734
2026-08-14T12:15:13+00:00,Raspberry Pi 5 Model B Rev 1.1,yolo26n.pt,320,pytorch,cpu,4,65.14,28,30,14.133,67.523,85.716,68.85,2400.0,,923.75
2026-08-14T12:15:15+00:00,Raspberry Pi 5 Model B Rev 1.1,yolo26n.pt,320,pytorch,cpu,4,67.465,29,30,12.913,80.672,101.774,68.85,2400.0,,926.953
2026-08-14T12:15:18+00:00,Raspberry Pi 5 Model B Rev 1.1,yolo26n.pt,320,pytorch,cpu,4,69.956,30,30,12.057,81.574,99.906,68.85,2400.0,,925.391
2026-08-14T12:15:21+00:00,Raspberry Pi 5 Model B Rev 1.1,yolo26n.pt,320,pytorch,cpu,4,72.583,31,30,11.428,83.595,88.378,69.95,2400.0,,923.766
2026-08-14T12:15:23+00:00,Raspberry Pi 5 Model B Rev 1.1,yolo26n.pt,320,pytorch,cpu,4,74.853,32,30,13.234,80.261,94.935,68.85,2400.0,,923.781
2026-08-14T12:15:25+00:00,Raspberry Pi 5 Model B Rev 1.1,yolo26n.pt,320,pytorch,cpu,4,76.92,33,30,14.533,65.32,99.56,68.85,2400.0,,923.781
2026-08-14T12:15:27+00:00,Raspberry Pi 5 Model B Rev 1.1,yolo26n.pt,320,pytorch,cpu,4,79.162,34,30,13.399,80.687,83.769,68.85,2400.0,,923.781
2026-08-14T12:15:29+00:00,Raspberry Pi 5 Model B Rev 1.1,yolo26n.pt,320,pytorch,cpu,4,81.49,35,30,12.899,81.17,107.879,70.5,2400.0,,926.984
2026-08-14T12:15:32+00:00,Raspberry Pi 5 Model B Rev 1.1,yolo26n.pt,320,pytorch,cpu,4,83.717,36,30,13.484,75.108,101.531,69.95,2400.0,,925.422
2026-08-14T12:15:34+00:00,Raspberry Pi 5 Model B Rev 1.1,yolo26n.pt,320,pytorch,cpu,4,86.051,37,30,12.87,82.851,102.731,68.85,2400.0,,925.422
2026-08-14T12:15:36+00:00,Raspberry Pi 5 Model B Rev 1.1,yolo26n.pt,320,pytorch,cpu,4,88.483,38,30,12.347,83.252,90.714,69.4,2400.0,,925.422
2026-08-14T12:15:39+00:00,Raspberry Pi 5 Model B Rev 1.1,yolo26n.pt,320,pytorch,cpu,4,91.086,39,30,11.534,84.785,99.59,71.05,2400.0,,925.578
2026-08-14T12:15:42+00:00,Raspberry Pi 5 Model B Rev 1.1,yolo26n.pt,320,pytorch,cpu,4,93.563,40,30,12.126,84.389,103.529,69.4,2400.0,,923.953
2026-08-14T12:15:44+00:00,Raspberry Pi 5 Model B Rev 1.1,yolo26n.pt,320,pytorch,cpu,4,95.708,41,30,14.003,67.332,84.665,69.95,2400.0,,925.578
2026-08-14T12:15:46+00:00,Raspberry Pi 5 Model B Rev 1.1,yolo26n.pt,320,pytorch,cpu,4,97.86,42,30,13.952,68.003,88.044,69.95,2400.0,,925.578
2026-08-14T12:15:48+00:00,Raspberry Pi 5 Model B Rev 1.1,yolo26n.pt,320,pytorch,cpu,4,100.393,43,30,11.857,81.189,105.163,70.5,2400.0,,923.875
2026-08-14T12:15:51+00:00,Raspberry Pi 5 Model B Rev 1.1,yolo26n.pt,320,pytorch,cpu,4,102.597,44,30,13.626,68.636,106.921,71.05,2400.0,,925.5
2026-08-14T12:15:53+00:00,Raspberry Pi 5 Model B Rev 1.1,yolo26n.pt,320,pytorch,cpu,4,104.743,45,30,14.005,65.74,97.05,69.95,2400.0,,927.125
2026-08-14T12:15:55+00:00,Raspberry Pi 5 Model B Rev 1.1,yolo26n.pt,320,pytorch,cpu,4,107.1,46,30,12.741,80.76,84.623,69.95,2400.0,,923.938
2026-08-14T12:15:58+00:00,Raspberry Pi 5 Model B Rev 1.1,yolo26n.pt,320,pytorch,cpu,4,109.687,47,30,11.609,84.161,100.435,71.05,2400.0,,925.562
2026-08-14T12:16:00+00:00,Raspberry Pi 5 Model B Rev 1.1,yolo26n.pt,320,pytorch,cpu,4,112.188,48,30,12.006,81.053,97.71,69.95,2400.0,,925.562
2026-08-14T12:16:02+00:00,Raspberry Pi 5 Model B Rev 1.1,yolo26n.pt,320,pytorch,cpu,4,114.49,49,30,13.047,77.221,85.31,70.5,2400.0,,925.406
2026-08-14T12:16:05+00:00,Raspberry Pi 5 Model B Rev 1.1,yolo26n.pt,320,pytorch,cpu,4,116.555,50,30,14.545,67.654,80.335,71.6,2400.0,,923.844
2026-08-14T12:16:07+00:00,Raspberry Pi 5 Model B Rev 1.1,yolo26n.pt,320,pytorch,cpu,4,119.024,51,30,12.162,84.221,100.289,71.6,2400.0,,925.469
2026-08-14T12:16:09+00:00,Raspberry Pi 5 Model B Rev 1.1,yolo26n.pt,320,pytorch,cpu,4,121.3,52,30,13.192,77.681,105.415,71.05,2400.0,,923.984
2026-08-14T12:16:11+00:00,Raspberry Pi 5 Model B Rev 1.1,yolo26n.pt,320,pytorch,cpu,4,123.492,53,30,13.701,69.337,82.423,71.6,2400.0,,925.078
2026-08-14T12:16:14+00:00,Raspberry Pi 5 Model B Rev 1.1,yolo26n.pt,320,pytorch,cpu,4,125.811,54,30,12.951,80.843,93.627,71.6,2400.0,,923.969
2026-08-14T12:16:16+00:00,Raspberry Pi 5 Model B Rev 1.1,yolo26n.pt,320,pytorch,cpu,4,128.3,55,30,12.066,81.152,100.301,72.15,2400.0,,925.594
2026-08-14T12:16:19+00:00,Raspberry Pi 5 Model B Rev 1.1,yolo26n.pt,320,pytorch,cpu,4,130.838,56,30,11.832,81.595,101.647,71.05,2400.0,,925.594
2026-08-14T12:16:21+00:00,Raspberry Pi 5 Model B Rev 1.1,yolo26n.pt,320,pytorch,cpu,4,133.112,57,30,13.209,80.709,84.313,69.95,2400.0,,925.594
2026-08-14T12:16:23+00:00,Raspberry Pi 5 Model B Rev 1.1,yolo26n.pt,320,pytorch,cpu,4,135.212,58,30,14.302,66.076,84.206,72.15,2400.0,,923.969
2026-08-14T12:16:26+00:00,Raspberry Pi 5 Model B Rev 1.1,yolo26n.pt,320,pytorch,cpu,4,137.586,59,30,12.648,81.861,108.951,71.05,2400.0,,923.953
2026-08-14T12:16:28+00:00,Raspberry Pi 5 Model B Rev 1.1,yolo26n.pt,320,pytorch,cpu,4,139.921,60,30,12.863,81.822,103.132,70.5,2400.0,,925.594
2026-08-14T12:16:30+00:00,Raspberry Pi 5 Model B Rev 1.1,yolo26n.pt,320,pytorch,cpu,4,142.064,61,30,14.019,75.853,83.575,69.4,2400.0,,925.594
2026-08-14T12:16:32+00:00,Raspberry Pi 5 Model B Rev 1.1,yolo26n.pt,320,pytorch,cpu,4,144.357,62,30,13.098,80.765,98.735,70.5,2400.0,,925.594
2026-08-14T12:16:35+00:00,Raspberry Pi 5 Model B Rev 1.1,yolo26n.pt,320,pytorch,cpu,4,146.849,63,30,12.05,84.397,102.77,71.6,2400.0,,925.625
2026-08-14T12:16:37+00:00,Raspberry Pi 5 Model B Rev 1.1,yolo26n.pt,320,pytorch,cpu,4,149.436,64,30,11.608,83.666,114.425,71.05,2400.0,,925.656
2026-08-14T12:16:40+00:00,Raspberry Pi 5 Model B Rev 1.1,yolo26n.pt,320,pytorch,cpu,4,152.012,65,30,11.655,83.173,109.322,72.15,2400.0,,924.016
2026-08-14T12:16:42+00:00,Raspberry Pi 5 Model B Rev 1.1,yolo26n.pt,320,pytorch,cpu,4,154.13,66,30,14.181,66.139,83.611,72.15,2400.0,,924.016
2026-08-14T12:16:44+00:00,Raspberry Pi 5 Model B Rev 1.1,yolo26n.pt,320,pytorch,cpu,4,156.249,67,30,14.174,66.145,84.649,71.05,2400.0,,925.641
2026-08-14T12:16:47+00:00,Raspberry Pi 5 Model B Rev 1.1,yolo26n.pt,320,pytorch,cpu,4,158.747,68,30,12.02,83.956,91.593,71.05,2400.0,,924.016
2026-08-14T12:16:49+00:00,Raspberry Pi 5 Model B Rev 1.1,yolo26n.pt,320,pytorch,cpu,4,160.943,69,30,13.676,68.479,100.872,72.15,2400.0,,925.656
2026-08-14T12:16:51+00:00,Raspberry Pi 5 Model B Rev 1.1,yolo26n.pt,320,pytorch,cpu,4,163.152,70,30,13.595,69.046,86.409,71.05,2400.0,,925.656
2026-08-14T12:16:54+00:00,Raspberry Pi 5 Model B Rev 1.1,yolo26n.pt,320,pytorch,cpu,4,165.677,71,30,11.896,84.148,95.334,71.6,2400.0,,925.656
2026-08-14T12:16:56+00:00,Raspberry Pi 5 Model B Rev 1.1,yolo26n.pt,320,pytorch,cpu,4,168.28,72,30,11.533,84.556,104.535,71.05,2400.0,,924.031
2026-08-14T12:16:59+00:00,Raspberry Pi 5 Model B Rev 1.1,yolo26n.pt,320,pytorch,cpu,4,170.836,73,30,11.752,81.829,105.949,71.05,2400.0,,924.031
2026-08-14T12:17:01+00:00,Raspberry Pi 5 Model B Rev 1.1,yolo26n.pt,320,pytorch,cpu,4,173.075,74,30,13.411,67.785,102.598,71.05,2400.0,,924.047
2026-08-14T12:17:03+00:00,Raspberry Pi 5 Model B Rev 1.1,yolo26n.pt,320,pytorch,cpu,4,175.133,75,30,14.592,67.276,85.29,71.6,2400.0,,924.047
2026-08-14T12:17:06+00:00,Raspberry Pi 5 Model B Rev 1.1,yolo26n.pt,320,pytorch,cpu,4,177.673,76,30,11.825,82.482,89.682,71.05,2400.0,,927.078
2026-08-14T12:17:08+00:00,Raspberry Pi 5 Model B Rev 1.1,yolo26n.pt,320,pytorch,cpu,4,179.901,77,30,13.476,77.875,85.041,71.05,2400.0,,925.484
2026-08-14T12:17:10+00:00,Raspberry Pi 5 Model B Rev 1.1,yolo26n.pt,320,pytorch,cpu,4,182.081,78,30,13.785,68.243,97.404,71.05,2400.0,,924.016
2026-08-14T12:17:12+00:00,Raspberry Pi 5 Model B Rev 1.1,yolo26n.pt,320,pytorch,cpu,4,184.452,79,30,12.664,81.341,105.534,72.7,2400.0,,924.016
2026-08-14T12:17:15+00:00,Raspberry Pi 5 Model B Rev 1.1,yolo26n.pt,320,pytorch,cpu,4,186.906,80,30,12.24,80.918,100.363,72.15,2400.0,,924.016
2026-08-14T12:17:18+00:00,Raspberry Pi 5 Model B Rev 1.1,yolo26n.pt,320,pytorch,cpu,4,189.523,81,30,11.472,81.675,121.532,71.05,2400.0,,923.578
2026-08-14T12:17:20+00:00,Raspberry Pi 5 Model B Rev 1.1,yolo26n.pt,320,pytorch,cpu,4,191.879,82,30,12.751,83.737,93.401,71.6,2400.0,,925.625
2026-08-14T12:17:22+00:00,Raspberry Pi 5 Model B Rev 1.1,yolo26n.pt,320,pytorch,cpu,4,194.033,83,30,13.943,68.089,88.248,71.6,2400.0,,924.0
2026-08-14T12:17:24+00:00,Raspberry Pi 5 Model B Rev 1.1,yolo26n.pt,320,pytorch,cpu,4,196.295,84,30,13.275,80.339,86.134,72.7,2400.0,,924.0
2026-08-14T12:17:27+00:00,Raspberry Pi 5 Model B Rev 1.1,yolo26n.pt,320,pytorch,cpu,4,198.609,85,30,12.976,81.296,90.465,71.05,2400.0,,925.641
2026-08-14T12:17:29+00:00,Raspberry Pi 5 Model B Rev 1.1,yolo26n.pt,320,pytorch,cpu,4,200.798,86,30,13.722,75.175,105.117,71.6,2400.0,,927.203
2026-08-14T12:17:31+00:00,Raspberry Pi 5 Model B Rev 1.1,yolo26n.pt,320,pytorch,cpu,4,203.091,87,30,13.098,80.35,93.509,71.05,2400.0,,925.641
2026-08-14T12:17:34+00:00,Raspberry Pi 5 Model B Rev 1.1,yolo26n.pt,320,pytorch,cpu,4,205.53,88,30,12.31,81.51,91.585,72.7,2400.0,,925.672
2026-08-14T12:17:36+00:00,Raspberry Pi 5 Model B Rev 1.1,yolo26n.pt,320,pytorch,cpu,4,208.117,89,30,11.609,81.74,86.91,72.15,2400.0,,924.047
2026-08-14T12:17:39+00:00,Raspberry Pi 5 Model B Rev 1.1,yolo26n.pt,320,pytorch,cpu,4,210.658,90,30,11.818,84.95,98.52,72.7,2400.0,,925.688
2026-08-14T12:17:41+00:00,Raspberry Pi 5 Model B Rev 1.1,yolo26n.pt,320,pytorch,cpu,4,212.856,91,30,13.666,69.201,89.563,70.5,2400.0,,924.062
2026-08-14T12:17:43+00:00,Raspberry Pi 5 Model B Rev 1.1,yolo26n.pt,320,pytorch,cpu,4,215.02,92,30,13.878,68.81,86.812,71.05,2400.0,,925.688
2026-08-14T12:17:45+00:00,Raspberry Pi 5 Model B Rev 1.1,yolo26n.pt,320,pytorch,cpu,4,217.431,93,30,12.453,81.609,98.161,70.5,2400.0,,925.703
2026-08-14T12:17:48+00:00,Raspberry Pi 5 Model B Rev 1.1,yolo26n.pt,320,pytorch,cpu,4,219.59,94,30,13.913,73.235,84.223,71.6,2400.0,,927.266
2026-08-14T12:17:50+00:00,Raspberry Pi 5 Model B Rev 1.1,yolo26n.pt,320,pytorch,cpu,4,221.824,95,30,13.44,69.979,97.346,71.05,2400.0,,925.703
2026-08-14T12:17:52+00:00,Raspberry Pi 5 Model B Rev 1.1,yolo26n.pt,320,pytorch,cpu,4,224.246,96,30,12.401,81.828,97.454,71.6,2400.0,,925.703
2026-08-14T12:17:55+00:00,Raspberry Pi 5 Model B Rev 1.1,yolo26n.pt,320,pytorch,cpu,4,226.867,97,30,11.458,82.058,97.259,72.7,2400.0,,923.219
2026-08-14T12:17:57+00:00,Raspberry Pi 5 Model B Rev 1.1,yolo26n.pt,320,pytorch,cpu,4,229.394,98,30,11.884,82.086,96.538,73.25,2400.0,,924.844
2026-08-14T12:18:00+00:00,Raspberry Pi 5 Model B Rev 1.1,yolo26n.pt,320,pytorch,cpu,4,231.646,99,30,13.333,70.454,103.374,72.7,2400.0,,926.969
2026-08-14T12:18:02+00:00,Raspberry Pi 5 Model B Rev 1.1,yolo26n.pt,320,pytorch,cpu,4,233.721,100,30,14.473,67.881,83.544,71.6,2400.0,,923.781
2026-08-14T12:18:04+00:00,Raspberry Pi 5 Model B Rev 1.1,yolo26n.pt,320,pytorch,cpu,4,236.254,101,30,11.857,81.245,114.633,72.7,2400.0,,923.938
2026-08-14T12:18:07+00:00,Raspberry Pi 5 Model B Rev 1.1,yolo26n.pt,320,pytorch,cpu,4,238.524,102,30,13.232,77.347,93.424,72.15,2400.0,,925.469
2026-08-14T12:18:09+00:00,Raspberry Pi 5 Model B Rev 1.1,yolo26n.pt,320,pytorch,cpu,4,240.687,103,30,13.88,68.712,91.177,71.05,2400.0,,923.656
2026-08-14T12:18:11+00:00,Raspberry Pi 5 Model B Rev 1.1,yolo26n.pt,320,pytorch,cpu,4,243.04,104,30,12.765,81.811,92.778,71.05,2400.0,,925.672
2026-08-14T12:18:14+00:00,Raspberry Pi 5 Model B Rev 1.1,yolo26n.pt,320,pytorch,cpu,4,245.51,105,30,12.156,80.995,101.468,72.15,2400.0,,925.672
2026-08-14T12:18:16+00:00,Raspberry Pi 5 Model B Rev 1.1,yolo26n.pt,320,pytorch,cpu,4,248.051,106,30,11.817,83.993,94.195,71.6,2400.0,,925.672
2026-08-14T12:18:18+00:00,Raspberry Pi 5 Model B Rev 1.1,yolo26n.pt,320,pytorch,cpu,4,250.429,107,30,12.632,80.565,126.343,71.6,2400.0,,925.547
2026-08-14T12:18:21+00:00,Raspberry Pi 5 Model B Rev 1.1,yolo26n.pt,320,pytorch,cpu,4,252.565,108,30,14.058,66.804,83.505,72.15,2400.0,,923.672
2026-08-14T12:18:23+00:00,Raspberry Pi 5 Model B Rev 1.1,yolo26n.pt,320,pytorch,cpu,4,254.943,109,30,12.631,83.878,97.335,72.7,2400.0,,923.984
2026-08-14T12:18:25+00:00,Raspberry Pi 5 Model B Rev 1.1,yolo26n.pt,320,pytorch,cpu,4,257.294,110,30,12.773,80.879,101.581,71.6,2400.0,,925.641
2026-08-14T12:18:28+00:00,Raspberry Pi 5 Model B Rev 1.1,yolo26n.pt,320,pytorch,cpu,4,259.514,111,30,13.527,78.839,94.278,71.6,2400.0,,925.641
2026-08-14T12:18:30+00:00,Raspberry Pi 5 Model B Rev 1.1,yolo26n.pt,320,pytorch,cpu,4,261.907,112,30,12.553,81.052,116.808,73.25,2400.0,,925.047
2026-08-14T12:18:32+00:00,Raspberry Pi 5 Model B Rev 1.1,yolo26n.pt,320,pytorch,cpu,4,264.322,113,30,12.434,81.931,97.281,71.05,2400.0,,925.641
2026-08-14T12:18:35+00:00,Raspberry Pi 5 Model B Rev 1.1,yolo26n.pt,320,pytorch,cpu,4,266.838,114,30,11.935,82.392,92.636,71.6,2400.0,,925.656
2026-08-14T12:18:37+00:00,Raspberry Pi 5 Model B Rev 1.1,yolo26n.pt,320,pytorch,cpu,4,269.331,115,30,12.043,81.471,104.017,71.6,2400.0,,924.031
2026-08-14T12:18:40+00:00,Raspberry Pi 5 Model B Rev 1.1,yolo26n.pt,320,pytorch,cpu,4,271.505,116,30,13.818,67.502,88.219,71.6,2400.0,,924.047
2026-08-14T12:18:42+00:00,Raspberry Pi 5 Model B Rev 1.1,yolo26n.pt,320,pytorch,cpu,4,273.635,117,30,14.098,66.82,85.296,72.7,2400.0,,925.703
2026-08-14T12:18:44+00:00,Raspberry Pi 5 Model B Rev 1.1,yolo26n.pt,320,pytorch,cpu,4,276.177,118,30,11.814,82.478,133.391,73.8,2400.0,,924.078
2026-08-14T12:18:46+00:00,Raspberry Pi 5 Model B Rev 1.1,yolo26n.pt,320,pytorch,cpu,4,278.303,119,30,14.126,74.404,82.04,73.25,2400.0,,927.266
2026-08-14T12:18:48+00:00,Raspberry Pi 5 Model B Rev 1.1,yolo26n.pt,320,pytorch,cpu,4,280.468,120,30,13.87,67.432,86.888,73.25,2400.0,,925.719
2026-08-14T12:18:51+00:00,Raspberry Pi 5 Model B Rev 1.1,yolo26n.pt,320,pytorch,cpu,4,282.891,121,30,12.398,81.31,107.853,72.15,2400.0,,925.719
2026-08-14T12:18:53+00:00,Raspberry Pi 5 Model B Rev 1.1,yolo26n.pt,320,pytorch,cpu,4,285.418,122,30,11.879,82.0,99.151,72.7,2400.0,,925.719
2026-08-14T12:18:56+00:00,Raspberry Pi 5 Model B Rev 1.1,yolo26n.pt,320,pytorch,cpu,4,287.99,123,30,11.677,84.281,90.13,73.25,2400.0,,925.719
2026-08-14T12:18:58+00:00,Raspberry Pi 5 Model B Rev 1.1,yolo26n.pt,320,pytorch,cpu,4,290.22,124,30,13.467,68.407,97.645,73.25,2400.0,,925.719
2026-08-14T12:19:00+00:00,Raspberry Pi 5 Model B Rev 1.1,yolo26n.pt,320,pytorch,cpu,4,292.302,125,30,14.425,68.222,83.41,72.15,2400.0,,924.094
2026-08-14T12:19:03+00:00,Raspberry Pi 5 Model B Rev 1.1,yolo26n.pt,320,pytorch,cpu,4,294.785,126,30,12.094,81.286,92.358,73.8,2400.0,,925.719
2026-08-14T12:19:05+00:00,Raspberry Pi 5 Model B Rev 1.1,yolo26n.pt,320,pytorch,cpu,4,297.036,127,30,13.343,77.795,88.304,72.15,2400.0,,925.562
2026-08-14T12:19:07+00:00,Raspberry Pi 5 Model B Rev 1.1,yolo26n.pt,320,pytorch,cpu,4,299.201,128,30,13.872,68.492,85.211,72.7,2400.0,,923.969
2026-08-14T12:19:10+00:00,Raspberry Pi 5 Model B Rev 1.1,yolo26n.pt,320,pytorch,cpu,4,301.562,129,30,12.717,81.537,98.357,71.6,2400.0,,925.734
2026-08-14T12:19:12+00:00,Raspberry Pi 5 Model B Rev 1.1,yolo26n.pt,320,pytorch,cpu,4,304.08,130,30,11.924,82.057,104.349,72.15,2400.0,,925.734
2026-08-14T12:19:15+00:00,Raspberry Pi 5 Model B Rev 1.1,yolo26n.pt,320,pytorch,cpu,4,306.748,131,30,11.256,84.138,106.861,72.7,2400.0,,925.734
2026-08-14T12:19:17+00:00,Raspberry Pi 5 Model B Rev 1.1,yolo26n.pt,320,pytorch,cpu,4,309.133,132,30,12.592,81.536,103.456,71.05,2400.0,,925.734
2026-08-14T12:19:19+00:00,Raspberry Pi 5 Model B Rev 1.1,yolo26n.pt,320,pytorch,cpu,4,311.311,133,30,13.789,67.639,92.666,72.7,2400.0,,924.109
2026-08-14T12:19:22+00:00,Raspberry Pi 5 Model B Rev 1.1,yolo26n.pt,320,pytorch,cpu,4,313.591,134,30,13.174,75.373,101.396,72.7,2400.0,,924.109
2026-08-14T12:19:24+00:00,Raspberry Pi 5 Model B Rev 1.1,yolo26n.pt,320,pytorch,cpu,4,316.019,135,30,12.366,81.613,105.338,72.15,2400.0,,925.719
2026-08-14T12:19:26+00:00,Raspberry Pi 5 Model B Rev 1.1,yolo26n.pt,320,pytorch,cpu,4,318.23,136,30,13.584,76.157,101.924,72.15,2400.0,,925.719
2026-08-14T12:19:29+00:00,Raspberry Pi 5 Model B Rev 1.1,yolo26n.pt,320,pytorch,cpu,4,320.585,137,30,12.753,81.705,87.94,74.9,2400.0,,925.734
2026-08-14T12:19:31+00:00,Raspberry Pi 5 Model B Rev 1.1,yolo26n.pt,320,pytorch,cpu,4,323.069,138,30,12.09,83.084,107.11,72.15,2400.0,,924.125
2026-08-14T12:19:34+00:00,Raspberry Pi 5 Model B Rev 1.1,yolo26n.pt,320,pytorch,cpu,4,325.703,139,30,11.4,82.857,129.138,72.15,2400.0,,925.75
2026-08-14T12:19:36+00:00,Raspberry Pi 5 Model B Rev 1.1,yolo26n.pt,320,pytorch,cpu,4,328.206,140,30,11.996,83.951,104.626,72.15,2400.0,,924.125
2026-08-14T12:19:38+00:00,Raspberry Pi 5 Model B Rev 1.1,yolo26n.pt,320,pytorch,cpu,4,330.366,141,30,13.903,68.314,85.516,73.25,2400.0,,924.156
2026-08-14T12:19:41+00:00,Raspberry Pi 5 Model B Rev 1.1,yolo26n.pt,320,pytorch,cpu,4,332.503,142,30,14.053,65.956,85.927,71.6,2400.0,,925.781
2026-08-14T12:19:43+00:00,Raspberry Pi 5 Model B Rev 1.1,yolo26n.pt,320,pytorch,cpu,4,335.009,143,30,11.986,84.218,95.066,73.25,2400.0,,924.156
2026-08-14T12:19:45+00:00,Raspberry Pi 5 Model B Rev 1.1,yolo26n.pt,320,pytorch,cpu,4,337.298,144,30,13.12,69.204,92.968,71.6,2400.0,,925.547
2026-08-14T12:19:48+00:00,Raspberry Pi 5 Model B Rev 1.1,yolo26n.pt,320,pytorch,cpu,4,339.518,145,30,13.528,71.85,94.034,71.6,2400.0,,927.344
2026-08-14T12:19:50+00:00,Raspberry Pi 5 Model B Rev 1.1,yolo26n.pt,320,pytorch,cpu,4,341.923,146,30,12.486,80.922,104.473,70.5,2400.0,,924.172
2026-08-14T12:19:53+00:00,Raspberry Pi 5 Model B Rev 1.1,yolo26n.pt,320,pytorch,cpu,4,344.543,147,30,11.458,84.473,105.091,71.6,2400.0,,925.797
2026-08-14T12:19:55+00:00,Raspberry Pi 5 Model B Rev 1.1,yolo26n.pt,320,pytorch,cpu,4,347.089,148,30,11.795,82.798,94.321,72.7,2400.0,,925.797
2026-08-14T12:19:57+00:00,Raspberry Pi 5 Model B Rev 1.1,yolo26n.pt,320,pytorch,cpu,4,349.445,149,30,12.75,81.509,91.951,71.6,2400.0,,925.625
2026-08-14T12:20:00+00:00,Raspberry Pi 5 Model B Rev 1.1,yolo26n.pt,320,pytorch,cpu,4,351.528,150,30,14.413,67.623,87.795,71.6,2400.0,,924.078
2026-08-14T12:20:02+00:00,Raspberry Pi 5 Model B Rev 1.1,yolo26n.pt,320,pytorch,cpu,4,354.01,151,30,12.103,83.628,94.354,72.7,2400.0,,925.703
2026-08-14T12:20:04+00:00,Raspberry Pi 5 Model B Rev 1.1,yolo26n.pt,320,pytorch,cpu,4,356.28,152,30,13.226,75.902,99.082,71.6,2400.0,,924.188
2026-08-14T12:20:06+00:00,Raspberry Pi 5 Model B Rev 1.1,yolo26n.pt,320,pytorch,cpu,4,358.452,153,30,13.828,68.625,102.672,73.25,2400.0,,925.812
2026-08-14T12:20:09+00:00,Raspberry Pi 5 Model B Rev 1.1,yolo26n.pt,320,pytorch,cpu,4,360.886,154,30,12.339,80.91,95.392,72.7,2400.0,,924.203
2026-08-14T12:20:11+00:00,Raspberry Pi 5 Model B Rev 1.1,yolo26n.pt,320,pytorch,cpu,4,363.455,155,30,11.689,82.255,109.13,72.15,2400.0,,924.203
2026-08-14T12:20:14+00:00,Raspberry Pi 5 Model B Rev 1.1,yolo26n.pt,320,pytorch,cpu,4,366.005,156,30,11.774,82.509,97.891,72.15,2400.0,,925.828
2026-08-14T12:20:16+00:00,Raspberry Pi 5 Model B Rev 1.1,yolo26n.pt,320,pytorch,cpu,4,368.342,157,30,12.851,81.089,94.389,71.6,2400.0,,925.828
2026-08-14T12:20:19+00:00,Raspberry Pi 5 Model B Rev 1.1,yolo26n.pt,320,pytorch,cpu,4,370.516,158,30,13.813,69.702,86.14,73.25,2400.0,,924.203
2026-08-14T12:20:21+00:00,Raspberry Pi 5 Model B Rev 1.1,yolo26n.pt,320,pytorch,cpu,4,372.909,159,30,12.552,80.989,118.349,73.25,2400.0,,924.094
2026-08-14T12:20:23+00:00,Raspberry Pi 5 Model B Rev 1.1,yolo26n.pt,320,pytorch,cpu,4,375.254,160,30,12.805,81.501,104.28,71.6,2400.0,,925.812
2026-08-14T12:20:25+00:00,Raspberry Pi 5 Model B Rev 1.1,yolo26n.pt,320,pytorch,cpu,4,377.445,161,30,13.705,76.366,88.048,72.15,2400.0,,925.812
2026-08-14T12:20:28+00:00,Raspberry Pi 5 Model B Rev 1.1,yolo26n.pt,320,pytorch,cpu,4,379.734,162,30,13.125,80.728,84.773,72.7,2400.0,,925.812
2026-08-14T12:20:30+00:00,Raspberry Pi 5 Model B Rev 1.1,yolo26n.pt,320,pytorch,cpu,4,382.144,163,30,12.456,81.306,94.124,73.25,2400.0,,925.812
2026-08-14T12:20:33+00:00,Raspberry Pi 5 Model B Rev 1.1,yolo26n.pt,320,pytorch,cpu,4,384.849,164,30,11.104,81.965,137.247,73.25,2400.0,,925.438
2026-08-14T12:20:35+00:00,Raspberry Pi 5 Model B Rev 1.1,yolo26n.pt,320,pytorch,cpu,4,387.315,165,30,12.177,81.514,103.227,71.6,2400.0,,925.672
2026-08-14T12:20:38+00:00,Raspberry Pi 5 Model B Rev 1.1,yolo26n.pt,320,pytorch,cpu,4,389.522,166,30,13.606,68.994,89.734,73.25,2400.0,,924.188
2026-08-14T12:20:40+00:00,Raspberry Pi 5 Model B Rev 1.1,yolo26n.pt,320,pytorch,cpu,4,392.286,167,30,10.864,68.934,177.905,72.15,2400.0,,925.469
2026-08-14T12:20:43+00:00,Raspberry Pi 5 Model B Rev 1.1,yolo26n.pt,320,pytorch,cpu,4,395.226,168,30,10.213,85.49,178.056,72.15,2400.0,,924.078
2026-08-14T12:20:46+00:00,Raspberry Pi 5 Model B Rev 1.1,yolo26n.pt,320,pytorch,cpu,4,398.149,169,30,10.273,91.12,174.3,73.25,2400.0,,925.703
2026-08-14T12:20:50+00:00,Raspberry Pi 5 Model B Rev 1.1,yolo26n.pt,320,pytorch,cpu,4,402.295,170,30,7.24,142.499,200.604,73.25,2400.0,,927.031
2026-08-14T12:20:55+00:00,Raspberry Pi 5 Model B Rev 1.1,yolo26n.pt,320,pytorch,cpu,4,406.948,171,30,6.451,156.742,272.63,72.15,2400.0,,925.047
2026-08-14T12:20:58+00:00,Raspberry Pi 5 Model B Rev 1.1,yolo26n.pt,320,pytorch,cpu,4,409.834,172,30,10.402,82.228,165.307,73.25,2400.0,,922.859
2026-08-14T12:21:00+00:00,Raspberry Pi 5 Model B Rev 1.1,yolo26n.pt,320,pytorch,cpu,4,412.488,173,30,11.315,84.342,127.922,71.6,2400.0,,924.531
2026-08-14T12:21:03+00:00,Raspberry Pi 5 Model B Rev 1.1,yolo26n.pt,320,pytorch,cpu,4,414.72,174,30,13.45,69.359,101.878,72.15,2400.0,,923.766
2026-08-14T12:21:05+00:00,Raspberry Pi 5 Model B Rev 1.1,yolo26n.pt,320,pytorch,cpu,4,416.795,175,30,14.484,67.45,84.941,71.6,2400.0,,923.938
2026-08-14T12:21:07+00:00,Raspberry Pi 5 Model B Rev 1.1,yolo26n.pt,320,pytorch,cpu,4,419.363,176,30,11.696,84.279,115.746,72.15,2400.0,,924.141
2026-08-14T12:21:10+00:00,Raspberry Pi 5 Model B Rev 1.1,yolo26n.pt,320,pytorch,cpu,4,421.643,177,30,13.167,77.958,87.933,72.15,2400.0,,925.781
2026-08-14T12:21:12+00:00,Raspberry Pi 5 Model B Rev 1.1,yolo26n.pt,320,pytorch,cpu,4,423.767,178,30,14.141,66.88,98.222,72.7,2400.0,,927.344
2026-08-14T12:21:14+00:00,Raspberry Pi 5 Model B Rev 1.1,yolo26n.pt,320,pytorch,cpu,4,426.169,179,30,12.504,83.934,96.844,71.6,2400.0,,925.781
2026-08-14T12:21:17+00:00,Raspberry Pi 5 Model B Rev 1.1,yolo26n.pt,320,pytorch,cpu,4,428.697,180,30,11.88,84.116,84.939,72.7,2400.0,,924.156
2026-08-14T12:21:19+00:00,Raspberry Pi 5 Model B Rev 1.1,yolo26n.pt,320,pytorch,cpu,4,431.362,181,30,11.264,85.171,121.139,73.25,2400.0,,925.781
2026-08-14T12:21:22+00:00,Raspberry Pi 5 Model B Rev 1.1,yolo26n.pt,320,pytorch,cpu,4,433.765,182,30,12.498,80.888,91.274,72.15,2400.0,,925.719
2026-08-14T12:21:24+00:00,Raspberry Pi 5 Model B Rev 1.1,yolo26n.pt,320,pytorch,cpu,4,435.942,183,30,13.798,69.171,88.308,72.15,2400.0,,924.094
2026-08-14T12:21:26+00:00,Raspberry Pi 5 Model B Rev 1.1,yolo26n.pt,320,pytorch,cpu,4,438.18,184,30,13.417,71.5,96.024,72.7,2400.0,,924.094
2026-08-14T12:21:29+00:00,Raspberry Pi 5 Model B Rev 1.1,yolo26n.pt,320,pytorch,cpu,4,440.566,185,30,12.59,82.896,100.136,73.25,2400.0,,925.734
2026-08-14T12:21:31+00:00,Raspberry Pi 5 Model B Rev 1.1,yolo26n.pt,320,pytorch,cpu,4,442.837,186,30,13.224,75.938,91.931,72.7,2400.0,,925.484
2026-08-14T12:21:33+00:00,Raspberry Pi 5 Model B Rev 1.1,yolo26n.pt,320,pytorch,cpu,4,445.155,187,30,12.956,81.143,96.59,72.15,2400.0,,925.75
2026-08-14T12:21:36+00:00,Raspberry Pi 5 Model B Rev 1.1,yolo26n.pt,320,pytorch,cpu,4,447.553,188,30,12.522,80.827,88.56,73.25,2400.0,,925.781
2026-08-14T12:21:38+00:00,Raspberry Pi 5 Model B Rev 1.1,yolo26n.pt,320,pytorch,cpu,4,450.085,189,30,11.858,81.84,106.16,72.7,2400.0,,925.781
2026-08-14T12:21:41+00:00,Raspberry Pi 5 Model B Rev 1.1,yolo26n.pt,320,pytorch,cpu,4,452.611,190,30,11.887,81.443,107.418,73.8,2400.0,,924.266
2026-08-14T12:21:43+00:00,Raspberry Pi 5 Model B Rev 1.1,yolo26n.pt,320,pytorch,cpu,4,454.752,191,30,14.031,66.695,88.351,73.8,2400.0,,924.016
2026-08-14T12:21:45+00:00,Raspberry Pi 5 Model B Rev 1.1,yolo26n.pt,320,pytorch,cpu,4,456.863,192,30,14.225,65.596,89.565,72.7,2400.0,,925.688
2026-08-14T12:21:47+00:00,Raspberry Pi 5 Model B Rev 1.1,yolo26n.pt,320,pytorch,cpu,4,459.383,193,30,11.918,84.238,100.779,73.8,2400.0,,924.125
2026-08-14T12:21:50+00:00,Raspberry Pi 5 Model B Rev 1.1,yolo26n.pt,320,pytorch,cpu,4,461.557,194,30,13.814,69.957,90.512,72.7,2400.0,,927.328
2026-08-14T12:21:53+00:00,Raspberry Pi 5 Model B Rev 1.1,yolo26n.pt,320,pytorch,cpu,4,465.317,195,30,7.984,94.19,234.283,72.7,2400.0,,925.688
2026-08-14T12:21:56+00:00,Raspberry Pi 5 Model B Rev 1.1,yolo26n.pt,320,pytorch,cpu,4,467.75,196,30,12.34,81.448,109.827,71.05,2400.0,,925.797
2026-08-14T12:21:58+00:00,Raspberry Pi 5 Model B Rev 1.1,yolo26n.pt,320,pytorch,cpu,4,470.319,197,30,11.691,82.868,111.735,71.6,2400.0,,924.172
2026-08-14T12:22:01+00:00,Raspberry Pi 5 Model B Rev 1.1,yolo26n.pt,320,pytorch,cpu,4,472.896,198,30,11.65,82.79,105.724,72.7,2400.0,,925.391
2026-08-14T12:22:03+00:00,Raspberry Pi 5 Model B Rev 1.1,yolo26n.pt,320,pytorch,cpu,4,475.137,199,30,13.4,70.372,99.949,72.7,2400.0,,927.25
2026-08-14T12:22:05+00:00,Raspberry Pi 5 Model B Rev 1.1,yolo26n.pt,320,pytorch,cpu,4,477.267,200,30,14.102,69.273,82.495,72.7,2400.0,,924.109
2026-08-14T12:22:08+00:00,Raspberry Pi 5 Model B Rev 1.1,yolo26n.pt,320,pytorch,cpu,4,479.768,201,30,12.005,81.492,124.401,72.7,2400.0,,925.75
2026-08-14T12:22:10+00:00,Raspberry Pi 5 Model B Rev 1.1,yolo26n.pt,320,pytorch,cpu,4,482.079,202,30,12.997,78.41,96.023,71.05,2400.0,,924.156
2026-08-14T12:22:12+00:00,Raspberry Pi 5 Model B Rev 1.1,yolo26n.pt,320,pytorch,cpu,4,484.306,203,30,13.485,70.283,101.096,72.15,2400.0,,924.203
2026-08-14T12:22:15+00:00,Raspberry Pi 5 Model B Rev 1.1,yolo26n.pt,320,pytorch,cpu,4,486.754,204,30,12.267,84.196,90.417,72.7,2400.0,,928.891
2026-08-14T12:22:17+00:00,Raspberry Pi 5 Model B Rev 1.1,yolo26n.pt,320,pytorch,cpu,4,489.472,205,30,11.048,83.952,99.52,72.7,2400.0,,925.547
2026-08-14T12:22:20+00:00,Raspberry Pi 5 Model B Rev 1.1,yolo26n.pt,320,pytorch,cpu,4,492.068,206,30,11.568,84.761,103.182,71.6,2400.0,,925.562
2026-08-14T12:22:22+00:00,Raspberry Pi 5 Model B Rev 1.1,yolo26n.pt,320,pytorch,cpu,4,494.388,207,30,12.943,82.146,94.094,73.25,2400.0,,923.969
2026-08-14T12:22:25+00:00,Raspberry Pi 5 Model B Rev 1.1,yolo26n.pt,320,pytorch,cpu,4,496.544,208,30,13.932,68.091,85.463,73.8,2400.0,,924.109
2026-08-14T12:22:27+00:00,Raspberry Pi 5 Model B Rev 1.1,yolo26n.pt,320,pytorch,cpu,4,498.886,209,30,12.826,81.16,90.451,73.8,2400.0,,923.422
2026-08-14T12:22:29+00:00,Raspberry Pi 5 Model B Rev 1.1,yolo26n.pt,320,pytorch,cpu,4,501.338,210,30,12.248,80.982,137.458,72.7,2400.0,,924.109
2026-08-14T12:22:32+00:00,Raspberry Pi 5 Model B Rev 1.1,yolo26n.pt,320,pytorch,cpu,4,504.092,211,30,10.902,81.268,277.1,72.15,2400.0,,925.719
2026-08-14T12:22:35+00:00,Raspberry Pi 5 Model B Rev 1.1,yolo26n.pt,320,pytorch,cpu,4,506.801,212,30,11.085,81.313,201.031,72.7,2400.0,,925.719
2026-08-14T12:22:37+00:00,Raspberry Pi 5 Model B Rev 1.1,yolo26n.pt,320,pytorch,cpu,4,509.188,213,30,12.585,81.263,85.665,71.6,2400.0,,925.719
2026-08-14T12:22:40+00:00,Raspberry Pi 5 Model B Rev 1.1,yolo26n.pt,320,pytorch,cpu,4,511.736,214,30,11.784,82.448,99.103,73.8,2400.0,,925.719
2026-08-14T12:22:42+00:00,Raspberry Pi 5 Model B Rev 1.1,yolo26n.pt,320,pytorch,cpu,4,514.263,215,30,11.882,84.284,101.052,73.25,2400.0,,925.719
2026-08-14T12:22:44+00:00,Raspberry Pi 5 Model B Rev 1.1,yolo26n.pt,320,pytorch,cpu,4,516.476,216,30,13.576,68.174,96.31,73.25,2400.0,,924.094
2026-08-14T12:22:47+00:00,Raspberry Pi 5 Model B Rev 1.1,yolo26n.pt,320,pytorch,cpu,4,518.611,217,30,14.064,66.137,96.126,72.7,2400.0,,925.75
2026-08-14T12:22:49+00:00,Raspberry Pi 5 Model B Rev 1.1,yolo26n.pt,320,pytorch,cpu,4,521.104,218,30,12.044,83.898,101.857,73.25,2400.0,,925.766
2026-08-14T12:22:51+00:00,Raspberry Pi 5 Model B Rev 1.1,yolo26n.pt,320,pytorch,cpu,4,523.351,219,30,13.366,75.062,114.941,73.25,2400.0,,925.266
2026-08-14T12:22:54+00:00,Raspberry Pi 5 Model B Rev 1.1,yolo26n.pt,320,pytorch,cpu,4,525.628,220,30,13.192,79.437,92.024,72.7,2400.0,,925.734
2026-08-14T12:22:56+00:00,Raspberry Pi 5 Model B Rev 1.1,yolo26n.pt,320,pytorch,cpu,4,528.03,221,30,12.499,80.895,93.14,73.8,2400.0,,925.75
2026-08-14T12:22:59+00:00,Raspberry Pi 5 Model B Rev 1.1,yolo26n.pt,320,pytorch,cpu,4,530.613,222,30,11.626,82.829,101.508,72.15,2400.0,,925.75
2026-08-14T12:23:01+00:00,Raspberry Pi 5 Model B Rev 1.1,yolo26n.pt,320,pytorch,cpu,4,533.184,223,30,11.681,84.05,94.595,73.25,2400.0,,925.75
2026-08-14T12:23:04+00:00,Raspberry Pi 5 Model B Rev 1.1,yolo26n.pt,320,pytorch,cpu,4,535.515,224,30,12.882,83.943,104.685,73.8,2400.0,,925.75
2026-08-14T12:23:06+00:00,Raspberry Pi 5 Model B Rev 1.1,yolo26n.pt,320,pytorch,cpu,4,537.657,225,30,14.024,68.976,88.924,72.7,2400.0,,924.125
2026-08-14T12:23:08+00:00,Raspberry Pi 5 Model B Rev 1.1,yolo26n.pt,320,pytorch,cpu,4,540.199,226,30,11.81,81.323,102.026,72.7,2400.0,,924.125
2026-08-14T12:23:10+00:00,Raspberry Pi 5 Model B Rev 1.1,yolo26n.pt,320,pytorch,cpu,4,542.486,227,30,13.133,75.983,106.097,72.7,2400.0,,924.188
2026-08-14T12:23:13+00:00,Raspberry Pi 5 Model B Rev 1.1,yolo26n.pt,320,pytorch,cpu,4,544.64,228,30,13.941,68.117,92.722,72.7,2400.0,,924.188
2026-08-14T12:23:15+00:00,Raspberry Pi 5 Model B Rev 1.1,yolo26n.pt,320,pytorch,cpu,4,546.994,229,30,12.761,81.881,87.918,73.8,2400.0,,925.859
2026-08-14T12:23:18+00:00,Raspberry Pi 5 Model B Rev 1.1,yolo26n.pt,320,pytorch,cpu,4,549.558,230,30,11.709,84.575,105.325,72.15,2400.0,,925.859
2026-08-14T12:23:20+00:00,Raspberry Pi 5 Model B Rev 1.1,yolo26n.pt,320,pytorch,cpu,4,552.104,231,30,11.793,82.335,89.406,73.25,2400.0,,924.234
2026-08-14T12:23:23+00:00,Raspberry Pi 5 Model B Rev 1.1,yolo26n.pt,320,pytorch,cpu,4,554.507,232,30,12.497,83.464,98.108,73.25,2400.0,,924.234
2026-08-14T12:23:25+00:00,Raspberry Pi 5 Model B Rev 1.1,yolo26n.pt,320,pytorch,cpu,4,556.644,233,30,14.057,67.856,84.919,72.15,2400.0,,924.234
2026-08-14T12:23:27+00:00,Raspberry Pi 5 Model B Rev 1.1,yolo26n.pt,320,pytorch,cpu,4,559.079,234,30,12.33,80.639,103.394,72.15,2400.0,,925.844
2026-08-14T12:23:29+00:00,Raspberry Pi 5 Model B Rev 1.1,yolo26n.pt,320,pytorch,cpu,4,561.401,235,30,12.933,81.491,88.724,73.25,2400.0,,925.859
2026-08-14T12:23:32+00:00,Raspberry Pi 5 Model B Rev 1.1,yolo26n.pt,320,pytorch,cpu,4,563.626,236,30,13.498,74.787,110.476,73.8,2400.0,,925.859
2026-08-14T12:23:34+00:00,Raspberry Pi 5 Model B Rev 1.1,yolo26n.pt,320,pytorch,cpu,4,565.957,237,30,12.887,82.068,95.013,72.7,2400.0,,925.859
2026-08-14T12:23:36+00:00,Raspberry Pi 5 Model B Rev 1.1,yolo26n.pt,320,pytorch,cpu,4,568.411,238,30,12.235,83.989,85.86,72.7,2400.0,,925.859
2026-08-14T12:23:39+00:00,Raspberry Pi 5 Model B Rev 1.1,yolo26n.pt,320,pytorch,cpu,4,571.028,239,30,11.474,84.762,105.017,72.15,2400.0,,925.859
2026-08-14T12:23:41+00:00,Raspberry Pi 5 Model B Rev 1.1,yolo26n.pt,320,pytorch,cpu,4,573.428,240,30,12.514,81.209,85.465,74.35,2400.0,,925.859
2026-08-14T12:23:44+00:00,Raspberry Pi 5 Model B Rev 1.1,yolo26n.pt,320,pytorch,cpu,4,575.63,241,30,13.639,67.934,97.135,72.7,2400.0,,924.234
2026-08-14T12:23:46+00:00,Raspberry Pi 5 Model B Rev 1.1,yolo26n.pt,320,pytorch,cpu,4,577.812,242,30,13.765,68.578,90.855,74.35,2400.0,,925.859
2026-08-14T12:23:48+00:00,Raspberry Pi 5 Model B Rev 1.1,yolo26n.pt,320,pytorch,cpu,4,580.406,243,30,11.575,82.405,110.318,72.7,2400.0,,924.172
2026-08-14T12:23:51+00:00,Raspberry Pi 5 Model B Rev 1.1,yolo26n.pt,320,pytorch,cpu,4,582.562,244,30,13.93,69.482,88.105,72.15,2400.0,,925.812
2026-08-14T12:23:53+00:00,Raspberry Pi 5 Model B Rev 1.1,yolo26n.pt,320,pytorch,cpu,4,584.77,245,30,13.597,68.496,86.94,72.7,2400.0,,927.422
2026-08-14T12:23:55+00:00,Raspberry Pi 5 Model B Rev 1.1,yolo26n.pt,320,pytorch,cpu,4,587.128,246,30,12.736,80.782,87.916,73.25,2400.0,,925.891
2026-08-14T12:23:58+00:00,Raspberry Pi 5 Model B Rev 1.1,yolo26n.pt,320,pytorch,cpu,4,590.283,247,30,9.517,82.719,230.339,73.25,2400.0,,924.891
2026-08-14T12:24:01+00:00,Raspberry Pi 5 Model B Rev 1.1,yolo26n.pt,320,pytorch,cpu,4,593.039,248,30,10.896,84.22,126.201,73.8,2400.0,,925.641
2026-08-14T12:24:03+00:00,Raspberry Pi 5 Model B Rev 1.1,yolo26n.pt,320,pytorch,cpu,4,595.499,249,30,12.206,81.08,118.354,72.15,2400.0,,925.734
2026-08-14T12:24:06+00:00,Raspberry Pi 5 Model B Rev 1.1,yolo26n.pt,320,pytorch,cpu,4,597.626,250,30,14.121,67.642,87.058,72.15,2400.0,,924.188
